id,Category,name,mrp,discountPercent,availableQuantity,discountedSellingPrice,weightInGms,outOfStock,quantity
2005,"Ice Cream & Desserts","Veeba Truly Tomato Ketchup",99,20,6,79,500,FALSE,500
2006,"Ice Cream & Desserts","Ching's Secret Green Chilli Sauce",85,4,1,81,680,FALSE,680
2007,"Ice Cream & Desserts","MTR Roasted Vermicelli ",55,0,1,55,400,FALSE,400
2008,"Ice Cream & Desserts","Mother's Recipe Punjabi Teekha Mang Pickle",120,10,4,108,400,FALSE,400
2009,"Ice Cream & Desserts","Ching's Secret Hot Garlic Instant Noodles",114,0,6,114,480,FALSE,480
2010,"Ice Cream & Desserts","Kellogg's Real Honey Corn Flakes",290,7,5,267,630,FALSE,630
2011,"Ice Cream & Desserts","ITC Master Chef Lebanese Falafel Kebab",130,4,4,124,230,FALSE,230
2012,"Ice Cream & Desserts","Kelloggs Chocos Fills Double Chocolaty",185,10,5,165,250,FALSE,250
2013,"Ice Cream & Desserts","Organic India Apple Cider Vinegar",595,9,2,536,500,FALSE,500
2014,"Ice Cream & Desserts","Masala Oats Masala & Coriander ",195,9,5,176,500,FALSE,500
2015,"Ice Cream & Desserts","Ching's Secret  Noodles - Pad Thai Lemongras",200,0,5,200,130,FALSE,130
2016,"Ice Cream & Desserts","Bagrrys Fruit and Nut Muesli with Cranberries",499,0,5,499,750,FALSE,750
2017,"Ice Cream & Desserts","Kitchens Of India Yellow Dal Tadka",110,30,6,77,285,FALSE,285
2018,"Ice Cream & Desserts","Soulfull Vanilla Fills - Ragi Bites",169,5,6,160,250,FALSE,250
2019,"Ice Cream & Desserts","Pantai Teriyaki Sauce with Garlic",325,15,6,276,200,FALSE,200
2020,"Ice Cream & Desserts","Whiskas Adult Pocket Tuna Cat Food",410,0,1,410,1200,FALSE,1
2021,"Ice Cream & Desserts","Kitchens Of India Chicken Darbari ",200,30,4,140,285,FALSE,285
2022,"Ice Cream & Desserts","Soulfull Millet Muesli Fruit & Nut Almonds & Real Fruits",299,10,6,269,400,FALSE,400
2023,"Ice Cream & Desserts","Smith & Jones Red Pasta Sauce Mix",40,0,6,40,46,FALSE,46
2024,"Ice Cream & Desserts","Kellogg's Muesli Nuts Delight",425,9,3,383,750,FALSE,750
2025,"Ice Cream & Desserts","Kitchens of India Dal Bukhara Gravy Mix",110,30,6,77,285,FALSE,285
2026,"Ice Cream & Desserts","The Whole Truth Peanut Butter - Sweetened & Crunchy",215,20,6,172,325,FALSE,325
2027,"Ice Cream & Desserts","Remia Mayonnaise",230,0,6,230,241,FALSE,241
2028,"Ice Cream & Desserts","Ching's Secret Green Chilli Sauce",105,0,6,105,425,FALSE,425
2029,"Ice Cream & Desserts","Bagrrys Fruit N Fibre Muesli - Strawberry",595,0,1,595,1000,FALSE,1
2030,"Ice Cream & Desserts","Ching's Secret Tomato Oats Instant Soup",15,0,3,15,20,FALSE,20
2031,"Ice Cream & Desserts","Kellogg's Special K Original Corn Flakes",140,5,1,133,290,FALSE,290
2032,"Ice Cream & Desserts","Moi Soi  Black Bean Sauce - Dip Spread Stir Fry & Marinade",280,50,5,140,175,FALSE,175
2033,"Ice Cream & Desserts","Tong Garden Wasabi Green Peas",175,4,6,167,150,FALSE,150
2034,"Ice Cream & Desserts","Ching's Secret Red Chilli Sauce",105,0,4,105,440,FALSE,440
2035,"Ice Cream & Desserts","Ching's Instant Hot and Sour Soup",55,0,5,55,55,FALSE,55
2036,"Ice Cream & Desserts","Ching's Secret Noodles - Pad Thai Original",200,0,6,200,130,FALSE,130
2037,"Ice Cream & Desserts","Aashirvaad Instant Meals - Khatta Meetha Pohaa With Millets",55,30,5,38,80,FALSE,80
2038,"Ice Cream & Desserts","Del Monte Black Sliced Olives",250,0,1,250,450,FALSE,450
2039,"Ice Cream & Desserts","Kitchens Of India Murgh Methi",220,30,5,154,285,FALSE,285
2040,"Ice Cream & Desserts","Nestle Cerelac 5 Grains & Fruits Cereal",288,0,6,288,300,FALSE,300
2041,"Ice Cream & Desserts","The Whole Truth - 5 Grain Muesli No Added Sugar",325,20,6,260,350,FALSE,350
2042,"Ice Cream & Desserts","Ching's Secret  Pad Thai Noodles Green Curry",200,0,6,200,130,FALSE,130
2043,"Ice Cream & Desserts","Aashirvaad Suji Halwa With Jaggery",75,0,6,75,70,FALSE,70
2044,"Ice Cream & Desserts","Mother's Recipe Mango Pickle ",120,0,1,120,400,FALSE,400
2045,"Ice Cream & Desserts","Ching's Secret Pad Thai Noodles - Extra Hot Thai Chilli",200,0,6,200,130,FALSE,130
2046,"Ice Cream & Desserts","Kellogg's Special K Original Corn Flakes",399,11,6,355,900,FALSE,900
2047,"Ice Cream & Desserts","Knorr Sweet Corn Chicken Soup",55,0,2,55,42,FALSE,42
2048,"Ice Cream & Desserts","Ching's Secret Tomato Soup",55,0,6,55,55,FALSE,55
2049,"Ice Cream & Desserts","Funfoods Peanut Butter Creamy",169,0,1,169,400,FALSE,400
2050,"Ice Cream & Desserts","Japanese Choice Udon Noodles",295,9,6,266,250,FALSE,250
2051,"Ice Cream & Desserts","Kelloggs Muesli - With 22% Fruit Magic",320,10,5,288,500,FALSE,500
2052,"Ice Cream & Desserts","Dabur Hommade - Kalonji Tamatar Ki Chutney",65,6,6,61,200,FALSE,200
2053,"Ice Cream & Desserts","Kitchens Of India Dal Makhani",110,30,1,77,285,FALSE,285
2054,"Ice Cream & Desserts","Aashirvaad Suji Halwa With Jaggery",55,30,6,38,80,FALSE,80
2055,"Ice Cream & Desserts","Del Monte Green Chili Sauce",55,0,3,55,190,FALSE,190
2056,"Ice Cream & Desserts","Pedigree Dog Food Adult Chicken & Veg",660,10,1,594,3000,FALSE,3
2057,"Ice Cream & Desserts","Kellogg's Original Corn Flakes",185,5,6,175,475,FALSE,475
2058,"Ice Cream & Desserts","Pedigree Puppy Dry Dog Food Food Chicken & Milk",690,6,2,648,3000,FALSE,3
2059,"Ice Cream & Desserts","Kitchens Of India Rajma Masala",110,30,5,77,285,FALSE,285
2060,"Ice Cream & Desserts","Kitchen Of India Ready-To-Eat Pindi Channa",110,30,2,77,285,FALSE,285
2061,"Ice Cream & Desserts","Figaro Pitted Black Olive ",179,0,6,179,450,FALSE,450
2062,"Ice Cream & Desserts","Cantina Tabasco Red Sauce",140,15,6,119,60,FALSE,60
2063,"Ice Cream & Desserts","Mother's Recipe Pickle - Mixed",149,26,6,109,500,FALSE,500
2064,"Ice Cream & Desserts","Nestle Cerelac Baby Cereal with Milk 5 Grains & Vegetables from 18 to 24 Month",279,0,5,279,300,FALSE,300
2065,"Ice Cream & Desserts","Mother's Recipe Tamarind Paste",50,2,2,49,200,FALSE,200
2066,"Ice Cream & Desserts","Pedigree Meat Jerky Adult Dog Treat Barbecued Chicken",140,20,6,112,80,FALSE,80
2067,"Ice Cream & Desserts","Veeba Peri Peri Sauce",161,0,6,161,300,FALSE,300
2068,"Ice Cream & Desserts","Pantai Sriracha Yellow Chilli Sauce",225,15,6,191,200,FALSE,200
2069,"Ice Cream & Desserts","Praakritik Organic Jumbo Rolled Oats",190,11,6,169,500,FALSE,500
2070,"Ice Cream & Desserts","Ching's Secret Just Soak - Whole Wheat Veg Hakka Noodles",123,0,6,123,600,FALSE,600
2071,"Ice Cream & Desserts","Pantai Spring Roll Sauce",275,10,6,245,200,FALSE,200
2072,"Ice Cream & Desserts","MTR Vermicelli Payasam",75,0,6,75,180,FALSE,180
2073,"Ice Cream & Desserts","Bagrrys Corn Flakes",350,0,6,350,880,FALSE,800
2074,"Ice Cream & Desserts","MTR Ready To Eat Palak Paneer ",135,11,6,120,300,FALSE,300
2075,"Ice Cream & Desserts","Del Monte Red Chili Sauce",55,0,5,55,190,FALSE,190
2076,"Ice Cream & Desserts","Kitchens of India Mutter Paneer Mix",120,30,4,84,285,FALSE,285
2077,"Ice Cream & Desserts","Pantai Green Curry Paste",60,6,6,56,50,FALSE,50
2078,"Ice Cream & Desserts","The Laughing Cow Cheese Spread Plain",110,0,6,110,180,FALSE,180
2079,"Ice Cream & Desserts","MTR Dal Fry",110,0,5,110,300,FALSE,300
2080,"Ice Cream & Desserts","Pantai Fish Sauce",275,14,6,234,200,FALSE,200
2081,"Ice Cream & Desserts","Cantina Beans Mexican Beans",250,14,6,213,410,FALSE,410
2082,"Ice Cream & Desserts","Ching's Secret Manchurian Instant Noodle",114,0,6,114,480,FALSE,480
2083,"Ice Cream & Desserts","Remia Salad Italian Dressing ",230,0,6,230,250,FALSE,250
2084,"Ice Cream & Desserts","Yummiez Veg Cheese Fingers Pouch",230,0,4,230,400,FALSE,400
2085,"Ice Cream & Desserts","MTR Dal Makhani",110,0,4,110,300,FALSE,300
2086,"Ice Cream & Desserts","MTR Ready to Eat Pav Bhaji",110,0,6,110,300,FALSE,300
2087,"Ice Cream & Desserts","Weikfield Tomato Salsa Instant Pasta",25,0,1,25,77,FALSE,77
2088,"Ice Cream & Desserts","Nestlé CERELAC Baby Cereal with Milk",272,0,1,272,300,FALSE,300
2089,"Ice Cream & Desserts","Remia Salad Caesar Dressing",250,0,6,250,250,FALSE,250
2090,"Ice Cream & Desserts","Bagrrys Fruit N Fibre Muesli Mixed Fruit",330,0,6,330,500,FALSE,500
2091,"Ice Cream & Desserts","MTR Paneer Butter Masala & Veg Pulao",175,9,4,158,375,FALSE,375
2092,"Ice Cream & Desserts","Sundrop Cocoa Nut Hazelnut Chocolatey Spread",120,0,6,120,160,FALSE,160
2093,"Ice Cream & Desserts","Moi Soi Manchurian Sauce - For Stir Fry Marinade Spread & Dip",280,50,6,140,175,FALSE,175
2094,"Ice Cream & Desserts","Pedigree Dog Food Adult Meat & Rice",660,7,2,608,3000,FALSE,3
2095,"Ice Cream & Desserts","Pantai Sriracha Green Chilli Sauce",225,15,6,191,200,FALSE,200
2096,"Ice Cream & Desserts","Pantai Chilli Garlic Sauce",275,14,6,234,200,FALSE,200
2097,"Ice Cream & Desserts","Pantai Dark Soy Sauce",275,14,6,234,200,FALSE,200
2098,"Ice Cream & Desserts","Yoga Bar Peanut Butter Dark Chocolate Jar",249,0,4,249,400,FALSE,400
2099,"Ice Cream & Desserts","Cantina Tabasco Green Sauce",140,15,6,119,60,FALSE,60
2100,"Ice Cream & Desserts","Pantai Pad Thai Sauce (Non-Veg)",325,9,5,293,200,FALSE,200
2101,"Ice Cream & Desserts","Pantai Sweet Chilli Sauce",275,14,6,234,200,FALSE,200
2102,"Ice Cream & Desserts","Ching's Secret Schezwan Instant Noodle",114,0,6,114,480,FALSE,480
2103,"Ice Cream & Desserts","Yummiez Chicken Garlic Fingers Pouch",250,0,5,250,400,FALSE,400
2104,"Ice Cream & Desserts","Pediasure Premium Chocolate Powdered Health Drink",610,0,2,610,400,FALSE,400
2105,"Ice Cream & Desserts","Chings Secret Hot Garlic Instant Noodles",91,0,6,91,60,FALSE,60
2106,"Ice Cream & Desserts","Godrej Yummiez Cheese Corn Nuggets ",230,0,4,230,400,FALSE,400
2107,"Ice Cream & Desserts","Pantai Hot Chilli Sauce",275,14,6,234,200,FALSE,200
2108,"Ice Cream & Desserts","Knorr International Mexican Tomato Corn Soup ",65,6,3,61,52,FALSE,52
2109,"Ice Cream & Desserts","Bagrry's Fruit Fibre Muesli Mixed Fruit ",595,0,5,595,1000,FALSE,1
2110,"Ice Cream & Desserts","MTR Roasted Vermicelli ",105,0,4,105,850,FALSE,850
2111,"Ice Cream & Desserts","Maggi 2-Minute Instant Noodles - Masala",44,0,0,44,280,TRUE,280
2112,"Ice Cream & Desserts","Kurkure Green Chutney, Rajasthani Style",20,0,0,20,90,TRUE,90
2113,"Ice Cream & Desserts","Kellogg's Chocos Combo Pack",60,6,0,56,156,TRUE,156
2114,"Ice Cream & Desserts","Kissan Mixed Fruit Jam ",155,0,0,155,500,TRUE,500
2115,"Ice Cream & Desserts","Lijjat Urad Papad",60,5,0,57,200,TRUE,200
2116,"Ice Cream & Desserts","Amul Cheese Spread Yummy Plain",85,0,0,85,200,TRUE,200
2117,"Ice Cream & Desserts","Mother's Recipe Ginger And Garlic Paste",50,24,0,38,200,TRUE,200
2118,"Ice Cream & Desserts","Maggi Magic Cubes Chicken",40,2,0,39,40,TRUE,40
2119,"Ice Cream & Desserts","Pedigree Puppy Chicken Chunks in Gravy ",35,2,0,34,70,TRUE,70
2120,"Ice Cream & Desserts","The Whole Truth Peanut Butter - Unsweetened & Crunchy",185,20,0,148,325,TRUE,325
2121,"Ice Cream & Desserts","Ching's Chow Mein Hakka Noodles Masala",10,0,0,10,20,TRUE,20
2122,"Ice Cream & Desserts","Safal Frozen Mixed Vegetables",60,5,0,57,500,TRUE,500
2123,"Ice Cream & Desserts","Safal Frozen Corn",41,4,0,39,200,TRUE,200
2124,"Ice Cream & Desserts","Amul Cheese Spread Spicy Garlic",85,3,0,82,200,TRUE,200
2125,"Ice Cream & Desserts","Ching's Secret Veg Hakka Noodles",107,0,0,107,600,TRUE,600
2126,"Ice Cream & Desserts","Saffola Oats 100 % Natural",15,0,0,15,38,TRUE,38
2127,"Ice Cream & Desserts","Lijjat Moong Papad",60,5,0,57,200,TRUE,200
2128,"Ice Cream & Desserts","Mothers Recipe Papad - Sabudana With Rock Salt",31,9,0,28,70,TRUE,70
2129,"Ice Cream & Desserts","Maggi Chilly Chow Cuppa Noodles",50,0,0,50,70,TRUE,70
2130,"Ice Cream & Desserts","Veeba Favourites Eggless Burger Mayonnaise",69,8,0,63,250,TRUE,250
2131,"Ice Cream & Desserts","Sunfeast Yippee! Magic Masala Noodles",48,6,0,45,240,TRUE,240
2132,"Ice Cream & Desserts","Top Ramen Masala",91,9,0,82,560,TRUE,560
2133,"Ice Cream & Desserts","Kelloggs Corn Flakes With Real Strawberry Pure",265,10,0,236,575,TRUE,575
2134,"Ice Cream & Desserts","Mother's Recipe Potato Papad",31,9,0,28,70,TRUE,75
2135,"Ice Cream & Desserts","Mothers Recipe Rice Papad Ajwain",24,0,0,24,75,TRUE,75
2136,"Ice Cream & Desserts","Chef's Basket Durum Wheat Penne Pasta",160,50,0,80,500,TRUE,500
2137,"Ice Cream & Desserts","Dabur Hommade - Imli Sauce Saunth",20,10,0,18,100,TRUE,100
2138,"Ice Cream & Desserts","Zorabian Chicken Kheema Parathas",190,0,0,190,300,TRUE,300
2139,"Ice Cream & Desserts","Sunfeast Pasta Treat Pack of Tomato Cheese",28,17,0,23,65,TRUE,65
2140,"Ice Cream & Desserts","Safal Frozen - Sweet Corn",160,5,0,152,1000,TRUE,1
2141,"Ice Cream & Desserts","MTR Vegetable Upma",25,0,0,25,60,TRUE,60
2142,"Ice Cream & Desserts","Del Monte Original Blend Tomato Ketchup Pouch",120,7,0,111,950,TRUE,950
2143,"Ice Cream & Desserts","Del Monte Natural Vinegar ",55,3,0,53,180,TRUE,180
2144,"Ice Cream & Desserts","Del Monte Eggless Mayo",135,6,0,126,500,TRUE,500
2145,"Ice Cream & Desserts","ITC Master Chef Cheesy Corn Triangles",160,5,0,152,320,TRUE,320
2146,"Ice Cream & Desserts","Mother's Recipe Mixed Pickle ",115,4,0,110,400,TRUE,400
2147,"Ice Cream & Desserts","Godrej Yummiez Chicken Breakfast Salami",150,4,0,143,250,TRUE,250
2148,"Ice Cream & Desserts","Hershey's Cocoa + Almond Spread",295,9,0,266,350,TRUE,350
2149,"Ice Cream & Desserts","Maggi Special Masala Spicy Yummy Noodles",72,0,0,72,280,TRUE,280
2150,"Ice Cream & Desserts","Del Monte Schezwan Sauce",55,0,0,55,190,TRUE,190
2151,"Ice Cream & Desserts","Yummiez Green Peas",135,0,0,135,500,TRUE,500
2152,"Ice Cream & Desserts","Yummiez Green Peas",250,0,0,250,1000,TRUE,1
2153,"Ice Cream & Desserts","Yummiez American Sweet Corn",85,0,0,85,400,TRUE,400
2154,"Ice Cream & Desserts","Dr Oetker Cucumber & Carrot Sandwich Spread Veg",79,0,0,79,250,TRUE,250
2155,"Ice Cream & Desserts","Del Monte Pitted Green Olives",250,0,0,250,450,TRUE,450
2156,"Chocolates & Candies","Maggi 2 Minute Masala Noodles",12,0,6,12,70,FALSE,70
2157,"Chocolates & Candies","iD Idli & Dosa Batter ",80,15,6,68,1000,FALSE,1
2158,"Chocolates & Candies","iD Malabar Parota ",80,10,4,72,400,FALSE,400
2159,"Chocolates & Candies","iD Wheat Lachha Paratha",80,12,6,70,400,FALSE,400
2160,"Chocolates & Candies","McCain Aloo Tikki",110,4,6,105,400,FALSE,400
2161,"Chocolates & Candies","McCain Smiles Cripsy Happy Potatoes",120,5,6,114,415,FALSE,415
2162,"Chocolates & Candies","McCain Veggie Burger Patty",115,3,6,111,360,FALSE,360
2163,"Chocolates & Candies","McCain Veggie Fingers",117,5,6,111,400,FALSE,400
2164,"Chocolates & Candies","Amul Delicious Fat Spread - Cholesterol Free",18,5,6,17,100,FALSE,100
2165,"Chocolates & Candies","Whiskas Wet  Meal (Adult - Cat Food)  Chicken in Gravy",35,2,2,34,85,FALSE,85
2166,"Chocolates & Candies","McCain Chilli Garlic Potato Bites Crunchy Potato Nuggets",125,5,1,118,420,FALSE,420
2167,"Chocolates & Candies","Ching's Secret Instant Hot Garlic Noodles",15,0,3,15,60,FALSE,60
2168,"Chocolates & Candies","Veeba Eggless Mayonnaise",79,11,5,70,250,FALSE,250
2169,"Chocolates & Candies","Ching's Secret Instant Schezwan Noodles",15,0,6,15,60,FALSE,60
2170,"Chocolates & Candies","Veeba Pasta And Pizza Sauce",75,13,5,65,280,FALSE,280
2171,"Chocolates & Candies","Top Ramen  Noodles Curry Veg Pouch",20,0,1,20,70,FALSE,70
2172,"Chocolates & Candies","Saffola Veggie Twist Masala Oats",15,0,6,15,38,FALSE,38
2173,"Chocolates & Candies","Unibic Almond & Oats Protein Bar",40,17,4,33,30,FALSE,30
2174,"Chocolates & Candies","Quaker Oats",79,0,2,79,400,FALSE,400
2175,"Chocolates & Candies","Amul Delicious Fat Spread - Cholesterol Free",88,2,2,86,500,FALSE,500
2176,"Chocolates & Candies","McCain French Fries",120,5,1,114,420,FALSE,420
2177,"Chocolates & Candies","Ching's Secret Manchow Instant Soup",10,0,1,10,15,FALSE,15
2178,"Chocolates & Candies","McCain Potato Cheese Shotz",130,4,6,124,250,FALSE,250
2179,"Chocolates & Candies","McCain Masala - Fries",120,5,3,114,375,FALSE,375
2180,"Chocolates & Candies","Ching's Secret Schezwan Fried Rice Masala",15,0,6,15,20,FALSE,20
2181,"Chocolates & Candies","McCain New Mini Samosa with Cheese Pizza Style Filling",120,1,3,118,240,FALSE,240
2182,"Chocolates & Candies","McCain Chilli Cheesy Nuggets",130,4,1,124,250,FALSE,250
2183,"Chocolates & Candies","Whiskas Adult (+1 Year) Dry Cat Food, Ocean Fish Flavour",430,10,6,387,1200,FALSE,1
2184,"Chocolates & Candies","Chings Instant Soup - Hot & Sour",10,0,1,10,15,FALSE,15
2185,"Chocolates & Candies","Amul Spray Infant Milk Food",197,2,6,193,500,FALSE,500
2186,"Chocolates & Candies","McCain Smiles - Pudina Chatka",120,5,3,114,375,FALSE,375
2187,"Chocolates & Candies","McCain French Fries Crisp & Delicious",175,4,3,167,750,FALSE,750
2188,"Chocolates & Candies","Ferrero Nutella Hazelnut Spread",220,5,2,207,180,FALSE,180
2189,"Chocolates & Candies","Lijjat Garlic Papad",60,5,5,57,200,FALSE,200
2190,"Chocolates & Candies","Switz Samosa Dough Sheets",90,4,6,86,50,FALSE,50
2191,"Chocolates & Candies","Amul Cheese Spread Creamy",85,5,6,80,180,FALSE,180
2192,"Chocolates & Candies","Maggi Imli Sauce Pichkoo",22,0,6,22,90,FALSE,90
2193,"Chocolates & Candies","Whiskas Kitten (2-12 months) Dry Cat Food Food Ocean Fish",385,9,5,347,1100,FALSE,1100
2194,"Chocolates & Candies","Chings Instant Soup - Sweet Corn Veg",10,0,2,10,15,FALSE,15
2195,"Chocolates & Candies","Whiskas Wet  Meal (Kitten - Cat Food)  Chicken in Gravy",35,5,2,33,85,FALSE,85
2196,"Chocolates & Candies","McCain Crazy Fries Masala MixHot 'n' Tangy",120,5,6,114,400,FALSE,400
2197,"Chocolates & Candies","The Whole Truth Double Cocoa Protein Bar No Sugar",100,10,6,90,52,FALSE,52
2198,"Chocolates & Candies","Amul Happy Treats French Fries",68,4,1,65,425,FALSE,425
2199,"Chocolates & Candies","Ferrero Nutella Hazeulnut Spread",380,6,5,357,350,FALSE,350
2200,"Chocolates & Candies","Veeba Chipolte Southwest Dressing",161,7,4,149,300,FALSE,300
2201,"Chocolates & Candies","Ching's Secret Manchow Noodles Instant Soup",15,0,6,15,20,FALSE,20
2202,"Chocolates & Candies","Yoga Bar Breakfast Protein Bar - Blueberry Pie",50,12,1,44,50,FALSE,50
2203,"Chocolates & Candies","Quaker Oats",199,7,6,184,1000,FALSE,1
2204,"Chocolates & Candies","The Whole Truth Mini Protein Bar - Coconut Cocoa No Added Sugar",55,25,6,41,27,FALSE,27
2205,"Chocolates & Candies","Switz Spring Roll Dough Sheets",90,4,6,86,1160,FALSE,20
2206,"Chocolates & Candies","Unibic Fruit & Nut Real Cranberries & Almonds Protein Bar",40,17,6,33,30,FALSE,30
2207,"Chocolates & Candies","Ching's Secret Tomato Instant Soup",10,0,1,10,16,FALSE,15
2208,"Chocolates & Candies","Chef's Basket Durum Wheat Elbow Pasta",160,50,6,80,500,FALSE,500
2209,"Chocolates & Candies","Sunfeast Yippee! Mood Masala Noodles",60,28,3,43,260,FALSE,260
2210,"Chocolates & Candies","MTR Breakfast Khatta Meetha Poha Mix",25,20,6,20,60,FALSE,60
2211,"Chocolates & Candies","Kellogg's Crunchy Fruit & Nut Breakfast Cereals Muesli",445,9,6,401,750,FALSE,750
2212,"Chocolates & Candies","Ching's Secret Chilli Vinegar",50,0,4,50,170,FALSE,170
2213,"Chocolates & Candies","Ching's Red Chilli Sauce",55,0,6,55,200,FALSE,200
2214,"Chocolates & Candies","Amul Lite Spread",40,2,5,39,100,FALSE,100
2215,"Chocolates & Candies","Borges Durum Wheat Fusilli Pasta ",250,0,3,250,500,FALSE,500
2216,"Chocolates & Candies","The Whole Truth Cranberry Mini Protein Bar No Sugar",55,20,6,44,27,FALSE,27
2217,"Chocolates & Candies","The Whole Truth Mini Protein Bar - Coffee Cocoa No Added Sugar",55,20,6,44,27,FALSE,27
2218,"Chocolates & Candies","Maggi Hot & Sweet Tomato Chilli Sauce",115,0,1,115,500,FALSE,500
2219,"Chocolates & Candies","Sunfeast YiPPee! Noodles - Magic Masala",96,5,4,91,540,FALSE,540
2220,"Chocolates & Candies","Chef's Basket Durum Wheat Fusilli Pasta",160,50,6,80,500,FALSE,500
2221,"Chocolates & Candies","Top Ramen Chicken Noodles",60,10,1,54,280,FALSE,280
2222,"Chocolates & Candies","Veeba Cheese and Chilli Sandwich Spread",89,11,6,79,275,FALSE,275
2223,"Chocolates & Candies","Ching’s Secret Chowmein Hakka Noodles Masala ",44,0,2,44,60,FALSE,60
2224,"Chocolates & Candies","Safal Frozen - Mixed Vegetables",110,4,2,105,1000,FALSE,1
2225,"Chocolates & Candies","MTR 3 Min Poha",25,0,6,25,60,FALSE,60
2226,"Chocolates & Candies","Ching's Manchurian Instant Noodles",15,0,5,15,60,FALSE,60
2227,"Chocolates & Candies","The Whole Truth Peanut Cocoa Mini Protein Bar No Sugar ",55,25,6,41,27,FALSE,27
2228,"Chocolates & Candies","Gits Pav Bhaji Ready to Eat",110,22,6,85,300,FALSE,300
2229,"Chocolates & Candies","McCain New Mini Samosa with Cheese Corn Style Filling",120,1,2,118,240,FALSE,240
2230,"Chocolates & Candies","Lijjat Udad Mini Papad",60,6,6,56,200,FALSE,200
2231,"Chocolates & Candies","McCain Herb & Garlic Crazy Fries Masala Mix ",120,5,5,114,400,FALSE,400
2232,"Chocolates & Candies","Yoga Bar Multigrain Energy Bar Nuts And Seeds",40,12,4,35,38,FALSE,38
2233,"Chocolates & Candies","Ching's Secret Sauce, Green Chilli",55,0,5,55,190,FALSE,190
2234,"Chocolates & Candies","Veeba Pizza Topping",75,6,4,70,280,FALSE,280
2235,"Chocolates & Candies","Switz Paratha Puff",110,4,6,105,400,FALSE,400
2236,"Chocolates & Candies","New Kellogg's Muesli with 21% Fruit, Nut & Seeds",325,6,6,305,500,FALSE,500
2237,"Chocolates & Candies","The Whole Truth Double Cocoa Mini Protein Bar No Sugar",55,20,5,44,27,FALSE,27
2238,"Chocolates & Candies","Sunfeast Yippee Tricolor Pasta Seasoning",28,17,1,23,65,FALSE,65
2239,"Chocolates & Candies","Wingreens Cheesy Chipotle Sauce",99,49,1,50,130,FALSE,130
2240,"Chocolates & Candies","Maggi Rich Tomato Ketchup",105,4,2,100,500,FALSE,500
2241,"Chocolates & Candies","The Whole Truth Dark Chocolate Peanut Butter - Creamy",235,25,6,174,325,FALSE,325
2242,"Chocolates & Candies","Godrej Yummiez Chicken Nuggets",325,9,1,293,500,FALSE,500
2243,"Chocolates & Candies","Go Cheese  Spread Plain",99,5,6,94,200,FALSE,200
2244,"Chocolates & Candies","Kellogg's Real Almond & Honey Corn Flakes",175,9,6,158,300,FALSE,300
2245,"Chocolates & Candies","The Whole Truth Vegan Almond Choco Fudge Energy Bar No Sugar",60,20,6,48,40,FALSE,40
2246,"Chocolates & Candies","Prasuma Vegetable Momos",270,0,5,270,24,FALSE,24
2247,"Chocolates & Candies","MTR Upma",50,10,6,45,160,FALSE,160
2248,"Chocolates & Candies","Ching's Schezwan Masala Instant Noodles",60,0,1,60,240,FALSE,240
2249,"Chocolates & Candies","The Whole Truth Cranberry Protein Bar No Sugar",100,26,6,74,52,FALSE,52
2250,"Chocolates & Candies","Saffola Yummy Masala Noodles ",20,0,2,20,46,FALSE,46
2251,"Chocolates & Candies","Veeba English Mustard",74,6,2,69,300,FALSE,300
2252,"Chocolates & Candies","Dabur Hommade Tamarind Paste",48,6,6,45,200,FALSE,200
2253,"Chocolates & Candies","Yoga Bar Breakfast Muesli - Almond Caramel (No Added Sugar)",325,4,6,309,400,FALSE,400
2254,"Chocolates & Candies","The Whole Truth Mini Protein Bar - Peanut Butter No Added Sugar",55,25,6,41,27,FALSE,27
2255,"Chocolates & Candies","ITC Master Chef Crispy Chicken Fries ",170,4,3,162,280,FALSE,280
2256,"Chocolates & Candies","Kelloggs Corn Flakes",99,13,6,86,250,FALSE,250
2257,"Chocolates & Candies","Nissin Cup Noodles Tangy Tomato",50,10,2,45,70,FALSE,70
2258,"Chocolates & Candies","Smith & Jones White Pasta Sauce Mix",40,0,3,40,46,FALSE,46
2259,"Chocolates & Candies","Sunfeast Yippee! Pasta Treat - Sour Cream Onion",28,10,1,25,65,FALSE,65
2260,"Chocolates & Candies","Mothers Recipe Tamrind Date Chutney ",55,9,2,50,200,FALSE,200
2261,"Chocolates & Candies","Veeba Mint Mayonnaise",169,8,4,155,300,FALSE,300
2262,"Chocolates & Candies","Mccain Emotibites - Crispy Happy Potato Snack",130,0,6,129,415,FALSE,415
2263,"Chocolates & Candies","The Whole Truth Energy Bar Choco Cranberry Fudge",60,26,6,44,40,FALSE,40
2264,"Chocolates & Candies","Godrej Yummiez Chicken Lucknowi Seekh Kebab",260,10,4,234,400,FALSE,400
2265,"Chocolates & Candies","Prasuma Vegetable Momos",150,0,5,150,580,FALSE,10
2266,"Chocolates & Candies","Mother's Recipe Mixed Pickle",85,9,2,77,300,FALSE,300
2267,"Chocolates & Candies","Sunfeast Yippee! Pasta Treat - Sour Cream Onion",28,17,3,23,65,FALSE,65
2268,"Chocolates & Candies","The Whole Truth Peanut Cocoa Protein Bar No Sugar",100,26,6,74,52,FALSE,52
2269,"Chocolates & Candies","Yoga Bar Breakfast Muesli - Chocolate & Cranberry ",325,4,6,309,400,FALSE,400
2270,"Chocolates & Candies","Sunfeast YiPPee! Magic Masala Noodles",70,10,3,63,405,FALSE,405
2271,"Chocolates & Candies","Veeba Sweet Onion Sauce",141,14,4,121,350,FALSE,350
2272,"Chocolates & Candies","Quaker Oats Breakfast Cereals - With Flavour Mix Nutritious Rich Source Of Energy",49,8,6,45,200,FALSE,200
2273,"Chocolates & Candies","Mother's Recipe Tamarind Paste",50,2,6,49,200,FALSE,200
2274,"Chocolates & Candies","Yogabar No Added Sugar Protein Bar Brownie",125,15,4,106,60,FALSE,60
2275,"Chocolates & Candies","Bambino Popular Vermicelli ",40,2,3,39,400,FALSE,400
2276,"Chocolates & Candies","Ching's Secret Mix Veg Instant Soup",10,0,3,10,15,FALSE,15
2277,"Chocolates & Candies","Mother's Recipe Pickle - Red Stuffed Chilli",145,11,3,129,400,FALSE,400
2278,"Chocolates & Candies","Kellogg's No Added Sugar Muesli",335,11,6,298,500,FALSE,500
2279,"Chocolates & Candies","Veeba Salsa Dip",119,6,6,111,360,FALSE,360
2280,"Chocolates & Candies","Veeba Thousand Island Dressing",149,8,6,137,300,FALSE,300
2281,"Chocolates & Candies","Baggry's Crunchy Muesli Almond Raisins & Honey",130,0,5,130,200,FALSE,200
2282,"Chocolates & Candies","Knorr Chinese Hot And Sour Veg Soup",55,3,1,53,43,FALSE,43
2283,"Chocolates & Candies","Go Cheese Spread - Garlic",99,5,6,94,200,FALSE,200
2284,"Chocolates & Candies","The Whole Truth Peanut Butter With Dates - Creamy No Sugar",215,9,6,194,325,FALSE,325
2285,"Chocolates & Candies","Zorabian Chicken Smoked Ham",205,5,1,194,250,FALSE,250
2286,"Chocolates & Candies","Kissan Pineapple Jam",165,9,1,149,500,FALSE,500
2287,"Chocolates & Candies","Smith & Jones Masala Noodles",89,0,5,89,480,FALSE,480
2288,"Chocolates & Candies","Nestle Nestle Nan Pro Follow-Up Formula",650,0,6,650,400,FALSE,400
2289,"Chocolates & Candies","Sunfeast Yippee! Power Up Atta Noodles",96,15,6,81,280,FALSE,280
2290,"Chocolates & Candies","McCain Super Wedges",120,7,6,111,400,FALSE,400
2291,"Chocolates & Candies","Kellogg's Crunchy Granola Honey, Almonds, Strawberries & Pumpkin Seeds",330,10,1,294,450,FALSE,450
2292,"Chocolates & Candies","Kellogg's Chocos",130,10,6,117,250,FALSE,250
2293,"Chocolates & Candies","Ching's Secret Just Soak - Whole Wheat Veg Hakka Noodle",32,0,3,32,150,FALSE,150
2294,"Chocolates & Candies","The Whole Truth Vegan Fig Apricot & Orange Energy Bar No Sugar",60,20,6,48,40,FALSE,40
2295,"Chocolates & Candies","Saffola Veggie Twist Masala Oats",195,12,2,171,500,FALSE,500
2296,"Chocolates & Candies","ITC Master Chef Classic Aloo Tikki",80,10,3,72,320,FALSE,320
2297,"Chocolates & Candies","Smith & Jones Pink Pasta Sauce Mix",40,0,4,40,46,FALSE,46
2298,"Chocolates & Candies","Wingreens Farms Chipotle Dip",200,25,1,150,180,FALSE,180
2299,"Chocolates & Candies","Kellogg's Real Almond & Honey Corn Flakes",550,5,3,520,1000,FALSE,1
2300,"Chocolates & Candies","Kellogg's Crunchy Granola Chocolate & Almonds",330,10,3,294,450,FALSE,450
2301,"Chocolates & Candies","Cornitos Cornitos Taco Shells - 6 Inches",160,20,4,128,180,FALSE,180
2302,"Chocolates & Candies","Ching's Secret Singapore Curry Instant Noodles",15,0,3,15,60,FALSE,60
2303,"Chocolates & Candies","Mother's Recipe Pickle - Mango",125,9,6,113,400,FALSE,500
2304,"Chocolates & Candies","Godrej Yummiez Chilli Chicken Sausages ",160,10,3,144,250,FALSE,250
2305,"Chocolates & Candies","Pedigree Dentastix  Dog Treat Oral Care for Adult Medium Breed ",175,20,6,140,180,FALSE,180
2306,"Chocolates & Candies","Maggi Hot & Sweet - Tomato Chilli Sauce",170,10,1,153,1000,FALSE,1
2307,"Chocolates & Candies","Ching's Secret Asian Hot Instant Soup",15,0,3,15,15,FALSE,15
2308,"Chocolates & Candies","Kellogg’s Chocos Protein And Fibre Of 1 Roti",499,11,6,444,1200,FALSE,1
2309,"Chocolates & Candies","Mother's Recipe Pickle - Mango",149,26,4,109,500,FALSE,500
2310,"Chocolates & Candies","Chings Secret Manchurian Instant Noodle",60,0,6,60,240,FALSE,240
2311,"Chocolates & Candies","Kellogg's Original Corn Flakes",310,6,6,290,875,FALSE,875
2312,"Chocolates & Candies","Ching's Singapore Curry Instant Noodles",60,0,4,60,240,FALSE,240
2313,"Chocolates & Candies","Kellogg's Almonds And Cranberries Granola",330,6,6,310,460,FALSE,460
2314,"Chocolates & Candies","Nestle Ceregrow Multigrain Cereal with Milk and Fruits - 3 to 6 years",292,0,6,292,300,FALSE,300
2315,"Chocolates & Candies","MTR 3 Minute Breakfast - Magic Masala Upma",25,0,6,25,60,FALSE,60
2316,"Chocolates & Candies","Smith & Jones Masala Noodles",68,10,5,61,360,FALSE,360
2317,"Chocolates & Candies","Knorr Classic Tomato Soup With 100% Real Vegetabls, No Added Preservatives",55,0,6,55,53,FALSE,53
2318,"Chocolates & Candies","Godrej Yummiez Chicken Punjabi Tikka ",295,9,6,266,360,FALSE,360
2319,"Chocolates & Candies","Kellogg's Corn Flakes",425,9,1,383,1000,FALSE,1
2320,"Chocolates & Candies","Kelloggs Chocos",170,5,4,160,385,FALSE,385
2321,"Chocolates & Candies","Pedigree Puppy Dry Dog Food Food Chicken & Milk",290,20,6,232,1200,FALSE,1200
2322,"Chocolates & Candies","Ching's Secret Lemon Coriander Instant Soup",15,0,5,15,15,FALSE,15
2323,"Chocolates & Candies","Nestle Cerelac Baby Cereal With Milk Wheat-Rice Mixed Fruit",261,0,6,261,300,FALSE,300
2324,"Chocolates & Candies","Kelloggs Chocos - Moons & Stars",660,40,4,396,1200,FALSE,1
2325,"Chocolates & Candies","ITC Master Chef Chicken Galouti Kebab",170,4,2,162,210,FALSE,210
2326,"Chocolates & Candies","Yogabar 100% Pure Peanut Butter Creamy & Yummy Unsweetened",229,10,6,206,400,FALSE,400
2327,"Chocolates & Candies","Kitchens Of India Palak Paneer",130,30,6,91,285,FALSE,285
2328,"Chocolates & Candies","Kelloggs Chocos Fills Double Chocolat",99,11,6,88,175,FALSE,175
2329,"Chocolates & Candies","Soulfull Ragi Bites Choco Fills",169,5,4,160,250,FALSE,250
2330,"Chocolates & Candies","Figaro Sliced Black Olive ",179,0,6,179,450,FALSE,450
2331,"Chocolates & Candies","Veeba Barbeque Sauce",149,8,6,137,330,FALSE,330
2332,"Chocolates & Candies","The Whole Truth Vegan Mocha Almond Fudge Energy Bar No Sugar",60,20,6,48,40,FALSE,40
2333,"Chocolates & Candies","The Whole Truth - Nuts, Fruits & Seeds Muesli",325,20,6,260,350,FALSE,350
2334,"Chocolates & Candies","Pantai Green Curry Paste",150,14,5,128,114,FALSE,114
2335,"Chocolates & Candies","Kelloggs Special K",210,8,5,192,435,FALSE,435
2336,"Chocolates & Candies","Moi Soi Sichuan Chilli Oil- For Stir Fry Marinade Spread & Dip",280,50,5,140,175,FALSE,175
2337,"Chocolates & Candies","Mother's Recipe Madras Appalam",50,10,6,45,100,FALSE,100
2338,"Chocolates & Candies","Top Ramen Masala Oat Masala",80,10,6,72,280,FALSE,280
2339,"Chocolates & Candies","Saffola Everyday Peppy Tomato Masala Oats",195,12,6,171,500,FALSE,500
2340,"Chocolates & Candies","Ching's Secret Instant Noodles, Hot Garlic",60,0,4,60,240,FALSE,240
2341,"Chocolates & Candies","Kitchens Of India Chicken Chettinad",200,30,1,140,285,FALSE,285
2342,"Chocolates & Candies","Nestle Cerelac Wheat - Stage 1",190,0,6,190,300,FALSE,300
2343,"Chocolates & Candies","Sumeru Aloo Paratha",119,5,6,113,400,FALSE,400
2344,"Chocolates & Candies","ITC Master Chef Veggie Pizza Pocket",170,4,4,162,340,FALSE,340
2345,"Chocolates & Candies","Wingreens Farms Tangy Cheese Pita Chips & Mexican Salsa Dip",60,15,1,51,70,FALSE,70
2346,"Chocolates & Candies","Ching's Secret Manchow Soup",55,0,3,55,55,FALSE,55
2347,"Chocolates & Candies","Veeba Carrot & Cucumber Sandwich Spread",85,10,6,76,250,FALSE,250
2348,"Chocolates & Candies","Kellogg's Real Almond & Honey Corn Flakes",370,12,3,324,650,FALSE,650
2349,"Chocolates & Candies","Kitchens Of India Mughlai Paneer",160,30,4,112,285,FALSE,285
2350,"Chocolates & Candies","Ching's Secret Just Soak - Veg Hakka Noodles",30,0,5,30,150,FALSE,150
2351,"Chocolates & Candies","Ching's Secret Chowmein Hakka Noodles Masala",60,10,2,54,100,FALSE,100
2352,"Chocolates & Candies","The Whole Truth Dark Chocolate Peanut Butter - Crunchy",235,20,5,188,325,FALSE,325
2353,"Chocolates & Candies","Mother's Recipe Bhel Puri Chutney",55,9,4,50,200,FALSE,200
2354,"Chocolates & Candies","Kelloggs Chocos Moon & Stars",330,10,6,294,680,FALSE,680
2355,"Chocolates & Candies","Mother's Recipe Lime Pickle ",120,5,1,114,400,FALSE,400
2356,"Chocolates & Candies","Kitchens of India Dal Makhani",110,30,2,77,285,FALSE,285
2357,"Chocolates & Candies","Pantai Light Soy Sauce",275,14,5,234,200,FALSE,200
2358,"Chocolates & Candies","Ching's Secret Sweet Corn Soup",55,0,6,55,55,FALSE,55
2359,"Chocolates & Candies","Top Ramen Noodles, Atta",80,0,1,80,280,FALSE,280
2360,"Chocolates & Candies","Cantina Tortilla Dip Sauce Sour Creamy Tex Mex",225,15,5,191,190,FALSE,190
2361,"Chocolates & Candies","Dabur Hommade - Rajasthan Ki Garlic Chutne",65,6,6,61,200,FALSE,200
2362,"Chocolates & Candies","MTR Seviyan Vermicelli ",42,0,2,42,400,FALSE,400
2363,"Chocolates & Candies","Pantai Oyster Sauce",275,14,4,234,200,FALSE,200
2364,"Chocolates & Candies","Go Cheese Spread - Four Pepper (Soft & Creamy)",99,5,6,94,200,FALSE,200
2365,"Chocolates & Candies","MTR Ready To Eat Paneer Butter Masala",135,9,2,122,300,FALSE,300
2366,"Chocolates & Candies","Nestle Lactogen Stage 2 Follow-up Formula Powder",340,0,2,340,400,FALSE,400
2367,"Chocolates & Candies","Kellogg's Crunchy Bites Chocos",190,10,6,171,375,FALSE,375
2368,"Chocolates & Candies","Veeba Hot Sweet Tomato Chilli Sauce",104,20,3,83,500,FALSE,500
2369,"Chocolates & Candies","Borges Durum Wheat Pasta Superior Quality",250,40,6,149,500,FALSE,500
2370,"Chocolates & Candies","Funfoods Peanut Butter Crunchy",169,7,1,156,400,FALSE,400
2371,"Chocolates & Candies","Pantai Red Curry Paste",60,0,4,60,50,FALSE,50
2372,"Chocolates & Candies","ITC Master Chef Chicken Seekh Kabab",325,0,6,325,500,FALSE,500
2373,"Chocolates & Candies","Del Monte Pizza & Pasta Sauce Spout Pack",99,0,3,99,400,FALSE,400
2374,"Chocolates & Candies","Pantai Sriracha Red Chilli Sauce",225,15,6,191,200,FALSE,200
2375,"Chocolates & Candies","Hershey's Cocoa Spread",295,0,3,295,350,FALSE,350
2376,"Chocolates & Candies","Maggi Ghee Tadka Upma Express Pouch",25,0,6,25,65,FALSE,65
2377,"Chocolates & Candies","Ching's Secret Manchurian Noodles",91,0,5,91,360,FALSE,360
2378,"Chocolates & Candies","Kellogg's All Bran Wheat Flakes",220,6,5,205,425,FALSE,425
2379,"Chocolates & Candies","Yummiez Chicken Breakfast Sausages",150,0,3,150,250,FALSE,250
2380,"Chocolates & Candies","Pantai Red Curry Paste",150,14,3,128,114,FALSE,114
2381,"Chocolates & Candies","Bagrrys Muesli Crunchy Fruit & Nut With Cranberries",330,10,6,297,400,FALSE,400
2382,"Chocolates & Candies","Quaker Oats Pouch",276,10,6,248,1500,FALSE,1
2383,"Chocolates & Candies","Prasuma Momos -  Cheesy Spicy Veg",295,0,6,295,24,FALSE,24
2384,"Chocolates & Candies","Veeba Sriracha Chilli Garlic Sauce",149,8,5,137,320,FALSE,320
2385,"Chocolates & Candies","Ching's Secret Just Soak - Veg Hakka Noodles",115,0,6,115,600,FALSE,600
2386,"Chocolates & Candies","Moi Soi Kung Pao Sauce - For Stir Fry Marinade Spread & Dip",280,50,5,140,175,FALSE,175
2387,"Chocolates & Candies","Figaro Plain Green Olive ",179,0,6,179,450,FALSE,450
2388,"Chocolates & Candies","Mother's Recipe Gujrati Gorkeri Pickle",140,10,3,126,500,FALSE,500
2389,"Chocolates & Candies","Kellogg's Muesli 20% Nuts Delight",320,0,6,320,500,FALSE,500
2390,"Chocolates & Candies","Borges Farfalle Durum Wheat Pasta ",250,0,5,250,500,FALSE,500
2391,"Chocolates & Candies","Kellogg's Chocos",299,10,4,269,700,FALSE,700
2392,"Chocolates & Candies","Nestle Nan Pro 4 Follow Up Formula Powder For Older Infants ",620,0,1,620,400,FALSE,400
2393,"Chocolates & Candies","Veeba Truly Tomato Ketchup",99,20,6,79,500,FALSE,500
2394,"Chocolates & Candies","Ching's Secret Green Chilli Sauce",85,4,1,81,680,FALSE,680
2395,"Chocolates & Candies","MTR Roasted Vermicelli ",55,0,1,55,400,FALSE,400
2396,"Chocolates & Candies","Mother's Recipe Punjabi Teekha Mang Pickle",120,10,4,108,400,FALSE,400
2397,"Chocolates & Candies","Ching's Secret Hot Garlic Instant Noodles",114,0,6,114,480,FALSE,480
2398,"Chocolates & Candies","Kellogg's Real Honey Corn Flakes",290,7,5,267,630,FALSE,630
2399,"Chocolates & Candies","ITC Master Chef Lebanese Falafel Kebab",130,4,4,124,230,FALSE,230
2400,"Chocolates & Candies","Kelloggs Chocos Fills Double Chocolaty",185,10,5,165,250,FALSE,250
2401,"Chocolates & Candies","Organic India Apple Cider Vinegar",595,9,2,536,500,FALSE,500
2402,"Chocolates & Candies","Masala Oats Masala & Coriander ",195,9,5,176,500,FALSE,500
2403,"Chocolates & Candies","Ching's Secret  Noodles - Pad Thai Lemongras",200,0,5,200,130,FALSE,130
2404,"Chocolates & Candies","Bagrrys Fruit and Nut Muesli with Cranberries",499,0,5,499,750,FALSE,750
2405,"Chocolates & Candies","Kitchens Of India Yellow Dal Tadka",110,30,6,77,285,FALSE,285
2406,"Chocolates & Candies","Soulfull Vanilla Fills - Ragi Bites",169,5,6,160,250,FALSE,250
2407,"Chocolates & Candies","Pantai Teriyaki Sauce with Garlic",325,15,6,276,200,FALSE,200
2408,"Chocolates & Candies","Whiskas Adult Pocket Tuna Cat Food",410,0,1,410,1200,FALSE,1
2409,"Chocolates & Candies","Kitchens Of India Chicken Darbari ",200,30,4,140,285,FALSE,285
2410,"Chocolates & Candies","Soulfull Millet Muesli Fruit & Nut Almonds & Real Fruits",299,10,6,269,400,FALSE,400
2411,"Chocolates & Candies","Smith & Jones Red Pasta Sauce Mix",40,0,6,40,46,FALSE,46
2412,"Chocolates & Candies","Kellogg's Muesli Nuts Delight",425,9,3,383,750,FALSE,750
2413,"Chocolates & Candies","Kitchens of India Dal Bukhara Gravy Mix",110,30,6,77,285,FALSE,285
2414,"Chocolates & Candies","The Whole Truth Peanut Butter - Sweetened & Crunchy",215,20,6,172,325,FALSE,325
2415,"Chocolates & Candies","Remia Mayonnaise",230,0,6,230,241,FALSE,241
2416,"Chocolates & Candies","Ching's Secret Green Chilli Sauce",105,0,6,105,425,FALSE,425
2417,"Chocolates & Candies","Bagrrys Fruit N Fibre Muesli - Strawberry",595,0,1,595,1000,FALSE,1
2418,"Chocolates & Candies","Ching's Secret Tomato Oats Instant Soup",15,0,3,15,20,FALSE,20
2419,"Chocolates & Candies","Kellogg's Special K Original Corn Flakes",140,5,1,133,290,FALSE,290
2420,"Chocolates & Candies","Moi Soi  Black Bean Sauce - Dip Spread Stir Fry & Marinade",280,50,5,140,175,FALSE,175
2421,"Chocolates & Candies","Tong Garden Wasabi Green Peas",175,4,6,167,150,FALSE,150
2422,"Chocolates & Candies","Ching's Secret Red Chilli Sauce",105,0,4,105,440,FALSE,440
2423,"Chocolates & Candies","Ching's Instant Hot and Sour Soup",55,0,5,55,55,FALSE,55
2424,"Chocolates & Candies","Ching's Secret Noodles - Pad Thai Original",200,0,6,200,130,FALSE,130
2425,"Chocolates & Candies","Aashirvaad Instant Meals - Khatta Meetha Pohaa With Millets",55,30,5,38,80,FALSE,80
2426,"Chocolates & Candies","Del Monte Black Sliced Olives",250,0,1,250,450,FALSE,450
2427,"Chocolates & Candies","Kitchens Of India Murgh Methi",220,30,5,154,285,FALSE,285
2428,"Chocolates & Candies","Nestle Cerelac 5 Grains & Fruits Cereal",288,0,6,288,300,FALSE,300
2429,"Chocolates & Candies","The Whole Truth - 5 Grain Muesli No Added Sugar",325,20,6,260,350,FALSE,350
2430,"Chocolates & Candies","Ching's Secret  Pad Thai Noodles Green Curry",200,0,6,200,130,FALSE,130
2431,"Chocolates & Candies","Aashirvaad Suji Halwa With Jaggery",75,0,6,75,70,FALSE,70
2432,"Chocolates & Candies","Mother's Recipe Mango Pickle ",120,0,1,120,400,FALSE,400
2433,"Chocolates & Candies","Ching's Secret Pad Thai Noodles - Extra Hot Thai Chilli",200,0,6,200,130,FALSE,130
2434,"Chocolates & Candies","Kellogg's Special K Original Corn Flakes",399,11,6,355,900,FALSE,900
2435,"Chocolates & Candies","Knorr Sweet Corn Chicken Soup",55,0,2,55,42,FALSE,42
2436,"Chocolates & Candies","Ching's Secret Tomato Soup",55,0,6,55,55,FALSE,55
2437,"Chocolates & Candies","Funfoods Peanut Butter Creamy",169,0,1,169,400,FALSE,400
2438,"Chocolates & Candies","Japanese Choice Udon Noodles",295,9,6,266,250,FALSE,250
2439,"Chocolates & Candies","Kelloggs Muesli - With 22% Fruit Magic",320,10,5,288,500,FALSE,500
2440,"Chocolates & Candies","Dabur Hommade - Kalonji Tamatar Ki Chutney",65,6,6,61,200,FALSE,200
2441,"Chocolates & Candies","Kitchens Of India Dal Makhani",110,30,1,77,285,FALSE,285
2442,"Chocolates & Candies","Aashirvaad Suji Halwa With Jaggery",55,30,6,38,80,FALSE,80
2443,"Chocolates & Candies","Del Monte Green Chili Sauce",55,0,3,55,190,FALSE,190
2444,"Chocolates & Candies","Pedigree Dog Food Adult Chicken & Veg",660,10,1,594,3000,FALSE,3
2445,"Chocolates & Candies","Kellogg's Original Corn Flakes",185,5,6,175,475,FALSE,475
2446,"Chocolates & Candies","Pedigree Puppy Dry Dog Food Food Chicken & Milk",690,6,2,648,3000,FALSE,3
2447,"Chocolates & Candies","Kitchens Of India Rajma Masala",110,30,5,77,285,FALSE,285
2448,"Chocolates & Candies","Kitchen Of India Ready-To-Eat Pindi Channa",110,30,2,77,285,FALSE,285
2449,"Chocolates & Candies","Figaro Pitted Black Olive ",179,0,6,179,450,FALSE,450
2450,"Chocolates & Candies","Cantina Tabasco Red Sauce",140,15,6,119,60,FALSE,60
2451,"Chocolates & Candies","Mother's Recipe Pickle - Mixed",149,26,6,109,500,FALSE,500
2452,"Chocolates & Candies","Nestle Cerelac Baby Cereal with Milk 5 Grains & Vegetables from 18 to 24 Month",279,0,5,279,300,FALSE,300
2453,"Chocolates & Candies","Mother's Recipe Tamarind Paste",50,2,2,49,200,FALSE,200
2454,"Chocolates & Candies","Pedigree Meat Jerky Adult Dog Treat Barbecued Chicken",140,20,6,112,80,FALSE,80
2455,"Chocolates & Candies","Veeba Peri Peri Sauce",161,0,6,161,300,FALSE,300
2456,"Chocolates & Candies","Pantai Sriracha Yellow Chilli Sauce",225,15,6,191,200,FALSE,200
2457,"Chocolates & Candies","Praakritik Organic Jumbo Rolled Oats",190,11,6,169,500,FALSE,500
2458,"Chocolates & Candies","Ching's Secret Just Soak - Whole Wheat Veg Hakka Noodles",123,0,6,123,600,FALSE,600
2459,"Chocolates & Candies","Pantai Spring Roll Sauce",275,10,6,245,200,FALSE,200
2460,"Chocolates & Candies","MTR Vermicelli Payasam",75,0,6,75,180,FALSE,180
2461,"Chocolates & Candies","Bagrrys Corn Flakes",350,0,6,350,880,FALSE,800
2462,"Chocolates & Candies","MTR Ready To Eat Palak Paneer ",135,11,6,120,300,FALSE,300
2463,"Chocolates & Candies","Del Monte Red Chili Sauce",55,0,5,55,190,FALSE,190
2464,"Chocolates & Candies","Kitchens of India Mutter Paneer Mix",120,30,4,84,285,FALSE,285
2465,"Chocolates & Candies","Pantai Green Curry Paste",60,6,6,56,50,FALSE,50
2466,"Chocolates & Candies","The Laughing Cow Cheese Spread Plain",110,0,6,110,180,FALSE,180
2467,"Chocolates & Candies","MTR Dal Fry",110,0,5,110,300,FALSE,300
2468,"Chocolates & Candies","Pantai Fish Sauce",275,14,6,234,200,FALSE,200
2469,"Chocolates & Candies","Cantina Beans Mexican Beans",250,14,6,213,410,FALSE,410
2470,"Chocolates & Candies","Ching's Secret Manchurian Instant Noodle",114,0,6,114,480,FALSE,480
2471,"Chocolates & Candies","Remia Salad Italian Dressing ",230,0,6,230,250,FALSE,250
2472,"Chocolates & Candies","Yummiez Veg Cheese Fingers Pouch",230,0,4,230,400,FALSE,400
2473,"Chocolates & Candies","MTR Dal Makhani",110,0,4,110,300,FALSE,300
2474,"Chocolates & Candies","MTR Ready to Eat Pav Bhaji",110,0,6,110,300,FALSE,300
2475,"Chocolates & Candies","Weikfield Tomato Salsa Instant Pasta",25,0,1,25,77,FALSE,77
2476,"Chocolates & Candies","Nestlé CERELAC Baby Cereal with Milk",272,0,1,272,300,FALSE,300
2477,"Chocolates & Candies","Remia Salad Caesar Dressing",250,0,6,250,250,FALSE,250
2478,"Chocolates & Candies","Bagrrys Fruit N Fibre Muesli Mixed Fruit",330,0,6,330,500,FALSE,500
2479,"Chocolates & Candies","MTR Paneer Butter Masala & Veg Pulao",175,9,4,158,375,FALSE,375
2480,"Chocolates & Candies","Sundrop Cocoa Nut Hazelnut Chocolatey Spread",120,0,6,120,160,FALSE,160
2481,"Chocolates & Candies","Moi Soi Manchurian Sauce - For Stir Fry Marinade Spread & Dip",280,50,6,140,175,FALSE,175
2482,"Chocolates & Candies","Pedigree Dog Food Adult Meat & Rice",660,7,2,608,3000,FALSE,3
2483,"Chocolates & Candies","Pantai Sriracha Green Chilli Sauce",225,15,6,191,200,FALSE,200
2484,"Chocolates & Candies","Pantai Chilli Garlic Sauce",275,14,6,234,200,FALSE,200
2485,"Chocolates & Candies","Pantai Dark Soy Sauce",275,14,6,234,200,FALSE,200
2486,"Chocolates & Candies","Yoga Bar Peanut Butter Dark Chocolate Jar",249,0,4,249,400,FALSE,400
2487,"Chocolates & Candies","Cantina Tabasco Green Sauce",140,15,6,119,60,FALSE,60
2488,"Chocolates & Candies","Pantai Pad Thai Sauce (Non-Veg)",325,9,5,293,200,FALSE,200
2489,"Chocolates & Candies","Pantai Sweet Chilli Sauce",275,14,6,234,200,FALSE,200
2490,"Chocolates & Candies","Ching's Secret Schezwan Instant Noodle",114,0,6,114,480,FALSE,480
2491,"Chocolates & Candies","Yummiez Chicken Garlic Fingers Pouch",250,0,5,250,400,FALSE,400
2492,"Chocolates & Candies","Pediasure Premium Chocolate Powdered Health Drink",610,0,2,610,400,FALSE,400
2493,"Chocolates & Candies","Chings Secret Hot Garlic Instant Noodles",91,0,6,91,60,FALSE,60
2494,"Chocolates & Candies","Godrej Yummiez Cheese Corn Nuggets ",230,0,4,230,400,FALSE,400
2495,"Chocolates & Candies","Pantai Hot Chilli Sauce",275,14,6,234,200,FALSE,200
2496,"Chocolates & Candies","Knorr International Mexican Tomato Corn Soup ",65,6,3,61,52,FALSE,52
2497,"Chocolates & Candies","Bagrry's Fruit Fibre Muesli Mixed Fruit ",595,0,5,595,1000,FALSE,1
2498,"Chocolates & Candies","MTR Roasted Vermicelli ",105,0,4,105,850,FALSE,850
2499,"Chocolates & Candies","Maggi 2-Minute Instant Noodles - Masala",44,0,0,44,280,TRUE,280
2500,"Chocolates & Candies","Kurkure Green Chutney, Rajasthani Style",20,0,0,20,90,TRUE,90
2501,"Chocolates & Candies","Kellogg's Chocos Combo Pack",60,6,0,56,156,TRUE,156
2502,"Chocolates & Candies","Kissan Mixed Fruit Jam ",155,0,0,155,500,TRUE,500
2503,"Chocolates & Candies","Lijjat Urad Papad",60,5,0,57,200,TRUE,200
2504,"Chocolates & Candies","Amul Cheese Spread Yummy Plain",85,0,0,85,200,TRUE,200
2505,"Chocolates & Candies","Mother's Recipe Ginger And Garlic Paste",50,24,0,38,200,TRUE,200
2506,"Chocolates & Candies","Maggi Magic Cubes Chicken",40,2,0,39,40,TRUE,40
2507,"Chocolates & Candies","Pedigree Puppy Chicken Chunks in Gravy ",35,2,0,34,70,TRUE,70
2508,"Chocolates & Candies","The Whole Truth Peanut Butter - Unsweetened & Crunchy",185,20,0,148,325,TRUE,325
2509,"Chocolates & Candies","Ching's Chow Mein Hakka Noodles Masala",10,0,0,10,20,TRUE,20
2510,"Chocolates & Candies","Safal Frozen Mixed Vegetables",60,5,0,57,500,TRUE,500
2511,"Chocolates & Candies","Safal Frozen Corn",41,4,0,39,200,TRUE,200
2512,"Chocolates & Candies","Amul Cheese Spread Spicy Garlic",85,3,0,82,200,TRUE,200
2513,"Chocolates & Candies","Ching's Secret Veg Hakka Noodles",107,0,0,107,600,TRUE,600
2514,"Chocolates & Candies","Saffola Oats 100 % Natural",15,0,0,15,38,TRUE,38
2515,"Chocolates & Candies","Lijjat Moong Papad",60,5,0,57,200,TRUE,200
2516,"Chocolates & Candies","Mothers Recipe Papad - Sabudana With Rock Salt",31,9,0,28,70,TRUE,70
2517,"Chocolates & Candies","Maggi Chilly Chow Cuppa Noodles",50,0,0,50,70,TRUE,70
2518,"Chocolates & Candies","Veeba Favourites Eggless Burger Mayonnaise",69,8,0,63,250,TRUE,250
2519,"Chocolates & Candies","Sunfeast Yippee! Magic Masala Noodles",48,6,0,45,240,TRUE,240
2520,"Chocolates & Candies","Top Ramen Masala",91,9,0,82,560,TRUE,560
2521,"Chocolates & Candies","Kelloggs Corn Flakes With Real Strawberry Pure",265,10,0,236,575,TRUE,575
2522,"Chocolates & Candies","Mother's Recipe Potato Papad",31,9,0,28,70,TRUE,75
2523,"Chocolates & Candies","Mothers Recipe Rice Papad Ajwain",24,0,0,24,75,TRUE,75
2524,"Chocolates & Candies","Chef's Basket Durum Wheat Penne Pasta",160,50,0,80,500,TRUE,500
2525,"Chocolates & Candies","Dabur Hommade - Imli Sauce Saunth",20,10,0,18,100,TRUE,100
2526,"Chocolates & Candies","Zorabian Chicken Kheema Parathas",190,0,0,190,300,TRUE,300
2527,"Chocolates & Candies","Sunfeast Pasta Treat Pack of Tomato Cheese",28,17,0,23,65,TRUE,65
2528,"Chocolates & Candies","Safal Frozen - Sweet Corn",160,5,0,152,1000,TRUE,1
2529,"Chocolates & Candies","MTR Vegetable Upma",25,0,0,25,60,TRUE,60
2530,"Chocolates & Candies","Del Monte Original Blend Tomato Ketchup Pouch",120,7,0,111,950,TRUE,950
2531,"Chocolates & Candies","Del Monte Natural Vinegar ",55,3,0,53,180,TRUE,180
2532,"Chocolates & Candies","Del Monte Eggless Mayo",135,6,0,126,500,TRUE,500
2533,"Chocolates & Candies","ITC Master Chef Cheesy Corn Triangles",160,5,0,152,320,TRUE,320
2534,"Chocolates & Candies","Mother's Recipe Mixed Pickle ",115,4,0,110,400,TRUE,400
2535,"Chocolates & Candies","Godrej Yummiez Chicken Breakfast Salami",150,4,0,143,250,TRUE,250
2536,"Chocolates & Candies","Hershey's Cocoa + Almond Spread",295,9,0,266,350,TRUE,350
2537,"Chocolates & Candies","Maggi Special Masala Spicy Yummy Noodles",72,0,0,72,280,TRUE,280
2538,"Chocolates & Candies","Del Monte Schezwan Sauce",55,0,0,55,190,TRUE,190
2539,"Chocolates & Candies","Yummiez Green Peas",135,0,0,135,500,TRUE,500
2540,"Chocolates & Candies","Yummiez Green Peas",250,0,0,250,1000,TRUE,1
2541,"Chocolates & Candies","Yummiez American Sweet Corn",85,0,0,85,400,TRUE,400
2542,"Chocolates & Candies","Dr Oetker Cucumber & Carrot Sandwich Spread Veg",79,0,0,79,250,TRUE,250
2543,"Chocolates & Candies","Del Monte Pitted Green Olives",250,0,0,250,450,TRUE,450
2544,"Meats, Fish & Eggs","Arden Eggs White",97,0,4,97,696,FALSE,12
2545,"Meats, Fish & Eggs","Arden Eggs White",65,15,4,55,348,FALSE,6
2546,"Meats, Fish & Eggs","Arden Eggs Brown",85,7,4,79,348,FALSE,6
2547,"Meats, Fish & Eggs","Godrej Real Good Chicken Whole Pre-Cut",300,10,4,270,1000,FALSE,1
2548,"Meats, Fish & Eggs","Zorabian Chicken Breast Boneless",145,8,3,133,250,FALSE,250
2549,"Meats, Fish & Eggs","Godrej Real Good Chicken Curry Cut",175,9,3,158,500,FALSE,500
2550,"Meats, Fish & Eggs","TGFC Chicken Curry Cut Fresh",249,25,1,186,500,FALSE,500
2551,"Meats, Fish & Eggs","Arden Desi Eggs",110,13,4,95,348,FALSE,6
2552,"Meats, Fish & Eggs","Godrej Real Good Chicken Breast Boneless",275,9,6,248,450,FALSE,450
2553,"Meats, Fish & Eggs","Fresh Chicken Boneless Cubes (Halal)",215,5,1,204,500,FALSE,500
2554,"Meats, Fish & Eggs","Godrej Real Good Chicken Kheema",255,9,3,230,450,FALSE,450
2555,"Meats, Fish & Eggs","Suguna Sharp Egg ",72,13,3,62,348,FALSE,6
2556,"Meats, Fish & Eggs","TGFC Bombay Duck Whole Cleaned",319,14,1,274,500,FALSE,500
2557,"Meats, Fish & Eggs","Zorabian Pre Cut Chicken Skinless (Half)",165,0,1,165,500,FALSE,500
2558,"Meats, Fish & Eggs","Godrej Real Good Chicken Drumstick ",265,9,2,239,500,FALSE,500
2559,"Meats, Fish & Eggs","Suguna Active - DHA",72,13,4,62,348,FALSE,6
2560,"Meats, Fish & Eggs","Godrej Real Good Chicken Marinated Lollipop ",200,10,2,180,580,FALSE,10
2561,"Meats, Fish & Eggs","Godrej Yummiez Chicken Nuggets",325,9,1,293,500,FALSE,500
2562,"Meats, Fish & Eggs","Eastern Chicken Masala",70,7,3,65,100,FALSE,100
2563,"Meats, Fish & Eggs","Ching's Chicken Chilli Masala",10,0,6,10,20,FALSE,20
2564,"Meats, Fish & Eggs","Fresh Chicken Whole Leg - Skinless (Halal)",165,4,1,157,500,FALSE,500
2565,"Meats, Fish & Eggs","Ceres Foods Fish Mustard Instant Liquid Masala",220,50,6,110,200,FALSE,200
2566,"Meats, Fish & Eggs","TGFC Tilapia Curry Cut",259,43,1,147,500,FALSE,500
2567,"Meats, Fish & Eggs","Godrej Yummiez Chicken Lucknowi Seekh Kebab",260,10,4,234,400,FALSE,400
2568,"Meats, Fish & Eggs","Godrej Real Good Marinated Hot & Grill Chicken",245,9,2,221,450,FALSE,450
2569,"Meats, Fish & Eggs","Everest Meat Masala Powder",74,9,3,67,100,FALSE,100
2570,"Meats, Fish & Eggs","Suguna Heart- Omega3",72,13,4,62,348,FALSE,6
2571,"Meats, Fish & Eggs","Everest Powder - Egg Curry Masala",40,2,6,39,50,FALSE,50
2572,"Meats, Fish & Eggs","TGFC Chicken Boneless Fresh Whole",261,14,1,222,500,FALSE,500
2573,"Meats, Fish & Eggs","Zorabian Chicken Smoked Ham",205,5,1,194,250,FALSE,250
2574,"Meats, Fish & Eggs","Suguna Fit Egg",120,43,4,68,348,FALSE,6
2575,"Meats, Fish & Eggs","Everest Tandoori Chicken Masala",39,2,5,38,50,FALSE,50
2576,"Meats, Fish & Eggs","Godrej Yummiez Chilli Chicken Sausages ",160,10,3,144,250,FALSE,250
2577,"Meats, Fish & Eggs","Godrej Yummiez Chicken Punjabi Tikka ",295,9,6,266,360,FALSE,360
2578,"Meats, Fish & Eggs","Eastern Fish Masala",48,2,5,47,100,FALSE,100
2579,"Meats, Fish & Eggs","TGFC Catla Bengali Cut",290,29,1,204,500,FALSE,500
2580,"Meats, Fish & Eggs","Godrej Real Good Chicken Leg Boneless",275,9,3,248,450,FALSE,450
2581,"Meats, Fish & Eggs","TGFC Rohu Bengali Cut",249,28,1,179,500,FALSE,500
2582,"Meats, Fish & Eggs","Godrej Real Good Chicken Lollypop",175,9,1,158,580,FALSE,10
2583,"Meats, Fish & Eggs","Godrej Real Good Chicken Liver Sealed ",75,9,1,68,200,FALSE,200
2584,"Meats, Fish & Eggs","Everest Tandoori Chicken Masala",74,9,3,67,100,FALSE,100
2585,"Meats, Fish & Eggs","Fresh Mutton Mince - Kheema (Halal)",515,3,1,495,500,FALSE,500
2586,"Meats, Fish & Eggs","Fresh Mutton Curry Cut Cubes (Halal)",465,4,1,442,500,FALSE,500
2587,"Meats, Fish & Eggs","Ceres Foods Laal Maas Instant Liquid Masala",220,50,5,110,200,FALSE,200
2588,"Meats, Fish & Eggs","Godrej Real Good Chicken Legs ",210,10,1,189,116,FALSE,2
2589,"Meats, Fish & Eggs","Yummiez Chicken Breakfast Sausages",150,0,3,150,250,FALSE,250
2590,"Meats, Fish & Eggs","TGFC Basa Fillets",329,24,1,247,500,FALSE,500
2591,"Meats, Fish & Eggs","Zorabian Chicken Legs Skinless",210,0,1,210,450,FALSE,450
2592,"Meats, Fish & Eggs","Ceres Foods Nalli Nihari Instant Liquid Masala",220,50,6,110,200,FALSE,200
2593,"Meats, Fish & Eggs","Yummiez Chicken Garlic Fingers Pouch",250,0,5,250,400,FALSE,400
2594,"Meats, Fish & Eggs","Suhana Spice Mix - Chicken Biryani",66,0,6,66,50,FALSE,50
2595,"Meats, Fish & Eggs","Suguna Nourish Egg",62,0,0,62,696,TRUE,12
2596,"Meats, Fish & Eggs","Fresh Chicken Curry Cut - Skinless (Halal)",140,0,0,140,500,TRUE,500
2597,"Meats, Fish & Eggs","Zorabian Chicken Breast Boneless ",145,0,0,145,450,TRUE,450
2598,"Meats, Fish & Eggs","Zorabian Chicken Kheema Parathas",190,0,0,190,300,TRUE,300
2599,"Meats, Fish & Eggs","Fresh Chicken Mince - Kheema (Halal)",215,5,0,204,500,TRUE,500
2600,"Meats, Fish & Eggs","Godrej Real Good Chicken Boneless Cubes ",275,9,0,248,450,TRUE,450
2601,"Meats, Fish & Eggs","Suguna Vitamin D Egg",75,17,0,62,348,TRUE,6
2602,"Meats, Fish & Eggs","Suguna Nourish Egg ",72,16,0,60,348,TRUE,6
2603,"Meats, Fish & Eggs","Zorabian Chicken Mince",250,0,0,250,450,TRUE,450
2604,"Meats, Fish & Eggs","Zorabian Chicken Leg Boneless ",250,0,0,250,450,TRUE,450
2605,"Meats, Fish & Eggs","Godrej Yummiez Chicken Breakfast Salami",150,4,0,143,250,TRUE,250
2606,"Meats, Fish & Eggs","Zorabian Chicken Cubes",270,0,0,270,500,TRUE,500
2607,Biscuits,"Britannia Good Day Cashew Cookies",10,0,6,10,60,FALSE,58
2608,Biscuits,"Britannia 50-50 Maska Chaska Biscuits",32,3,6,31,120,FALSE,120
2609,Biscuits,"Dukes Waffy Chocolate Wafers",45,51,4,22,60,FALSE,75
2610,Biscuits,"Britannia Nutri Choice Digestive Biscuit",45,0,1,45,200,FALSE,150
2611,Biscuits,"Britannia Goodday Chocochip Cookies",120,17,5,99,400,FALSE,400
2612,Biscuits,"Britannia Good Day Pista Badam",45,2,1,44,200,FALSE,200
2613,Biscuits,"Cadbury Chocobakes Chocolate Filled Cookies ",30,0,5,30,75,FALSE,75
2614,Biscuits,"Dukes Waffy Strawberry Roll",150,50,3,75,250,FALSE,250
2615,Biscuits,"Parle Monaco Classic Salty Biscuits",70,0,4,70,400,FALSE,400
2616,Biscuits,"Dukes Waffy Orange Wafers",45,51,5,22,60,FALSE,75
2617,Biscuits,"Britannia Good Day Pista Badam",20,0,6,20,100,FALSE,100
2618,Biscuits,"Britannia Milk Bikis Biscuits Packet",20,0,3,20,200,FALSE,200
2619,Biscuits,"Britannia Toastea (Premium Bake Rusk)",65,0,6,65,400,FALSE,400
2620,Biscuits,"Dukes Waffy Strawberry Wafers",45,51,2,22,60,FALSE,75
2621,Biscuits,"Britannia Toastea Premium Bake Rusk",35,0,3,35,182,FALSE,182
2622,Biscuits,"Lotte Choco Pie ",80,10,3,72,168,FALSE,168
2623,Biscuits,"Bauli Moonfils Choco Veg Puff Roll",15,0,2,15,45,FALSE,45
2624,Biscuits,"Sunfeast Dark Fantasy Choco Fills Cookies Packet",150,15,3,127,300,FALSE,300
2625,Biscuits,"Britannia 50-50 Maska Chaska Biscuit",75,10,6,68,300,FALSE,300
2626,Biscuits,"Britannnia 50-50 Sweet & Salty Biscuit",25,0,4,25,200,FALSE,200
2627,Biscuits,"Britannia Good Day Chunky Cookies",50,15,6,43,120,FALSE,120
2628,Biscuits,"Sunfeast Marie Light",23,13,1,20,200,FALSE,200
2629,Biscuits,"Britannia Bourbon Biscuit Buy 4 Get 1 Free",80,10,2,72,500,FALSE,500
2630,Biscuits,"The Bake Shop Whole Wheat Oats Khari",65,6,5,61,200,FALSE,200
2631,Biscuits,"Britannia Nutri Choice Oats Milk Almond Biscuit",25,10,6,23,75,FALSE,75
2632,Biscuits,"Sunfeast Dark Fantasy Choco Creme",80,27,4,58,300,FALSE,300
2633,Biscuits,"Lotte Choco Pie Chocolate Cake",25,0,6,25,56,FALSE,56
2634,Biscuits,"Sunfeast Mom's Magic Cashew & Almond Cookies Packet",30,10,3,27,200,FALSE,200
2635,Biscuits,"Unibic SugarFree - Oatmeal Cookies",50,16,3,42,75,FALSE,75
2636,Biscuits,"Parle Hide & Seek Cookies With Added Almonds",30,3,1,29,100,FALSE,100
2637,Biscuits,"Unibic Fruit & Nut Cookies",25,8,3,23,67,FALSE,67
2638,Biscuits,"Sunfeast Yumfills Whoopie Pie",140,25,5,105,253,FALSE,276
2639,Biscuits,"Britannia Toastea Premium Bake Rusk",110,14,1,94,700,FALSE,700
2640,Biscuits,"McVitie's Marie biscuits with Goodness of Calcium",30,0,6,30,250,FALSE,250
2641,Biscuits,"Britannia Treat Croissant Vanilla Creme Roll",20,10,2,18,47,FALSE,47
2642,Biscuits,"Unibic Honey Oatmeal Cookies",25,8,6,23,75,FALSE,75
2643,Biscuits,"Britannia Good Day Choco Chip Cookies",30,3,6,29,100,FALSE,100
2644,Biscuits,"The Bake Shop Masala Cheese Crackers",95,6,3,89,100,FALSE,100
2645,Biscuits,"Britannia Pure Magic Vanilla Creme Biscuit",35,17,4,29,100,FALSE,100
2646,Biscuits,"Open Secret Assorted Story Box",105,22,4,81,75,FALSE,75
2647,Biscuits,"Cadbury Oreo Dipped Biscuit",70,10,1,63,150,FALSE,150
2648,Biscuits,"Sunfeast Farmlite Oats & Almonds Biscuits Packet",60,10,3,54,150,FALSE,150
2649,Biscuits,"Unibic SugarFree - Butter Cookies",50,16,6,42,75,FALSE,75
2650,Biscuits,"Britannia Good Day Cashew Cookies Packet",120,12,6,106,600,FALSE,600
2651,Biscuits,"Dukes Sour & Cream Onion Nibbles Baked",55,25,3,41,150,FALSE,150
2652,Biscuits,"Britannia Treat Croissant Vanilla Creme Roll",20,0,6,20,47,FALSE,47
2653,Biscuits,"Parle Hide & Seek Choco Rolls",50,2,4,49,120,FALSE,120
2654,Biscuits,"Britannia Treat Creme Wafers - Vanilla",45,11,6,40,60,FALSE,1
2655,Biscuits,"Parle Rusk Elaichi",48,2,6,47,300,FALSE,300
2656,Biscuits,"Lotte Choco Pie ",140,6,2,131,336,FALSE,336
2657,Biscuits,"Sunfeast Mom's Magic Cashew & Almond Biscuits",120,15,6,102,600,FALSE,600
2658,Biscuits,"Unibic Cashew Cookies",25,8,6,23,75,FALSE,75
2659,Biscuits,"Parle Monaco Jeffs Zeera Biscuit",60,10,4,54,200,FALSE,200
2660,Biscuits,"Unibic Snack Bar - Multigrain, Choco",40,17,6,33,30,FALSE,30
2661,Biscuits,"The Bake Shop Methi Khari Simply Delicious",65,6,2,61,200,FALSE,200
2662,Biscuits,"Britannia Treat Jimjam Family Pack (Buy 4 Get 1 Free)",100,0,6,100,500,FALSE,500
2663,Biscuits,"Open Secret Choco Almond Tiffin Pack",35,22,3,27,25,FALSE,25
2664,Biscuits,"Lotte Choco Pie ",150,20,6,120,696,FALSE,12
2665,Biscuits,"Baker Street Suji Rusk Large Pack",30,10,6,27,200,FALSE,200
2666,Biscuits,"Parle Hide & Seek Choco Rolls",30,0,1,30,75,FALSE,75
2667,Biscuits,"Sunfeast Dark Fantasy Vanilla Creme",80,15,6,68,300,FALSE,300
2668,Biscuits,"Britannia Treat Burst Choco Creme Fills",30,0,3,30,120,FALSE,120
2669,Biscuits,"Parle Milano Mixed Berries Cookies",35,2,3,34,75,FALSE,75
2670,Biscuits,"Karachi Bakery Cashew Biscuits ",210,5,4,199,400,FALSE,400
2671,Biscuits,"Britannia Pure Magic Choco Lush Cookies",120,20,4,96,300,FALSE,300
2672,Biscuits,"Britannia Treart Creme Wafers Chocolate",45,11,6,40,60,FALSE,1
2673,Biscuits,"Unibic Daily Digestive (Multigrain Cookies)",30,6,6,28,75,FALSE,75
2674,Biscuits,"Cadbury Chocobakes Choc Filled Cookies",60,0,6,60,150,FALSE,150
2675,Biscuits,"The Bake Shop Whole Wheat Multigrain Toast (Rusk)",60,6,2,56,200,FALSE,200
2676,Biscuits,"Unibic Choco Kiss Cookies",45,15,5,38,75,FALSE,75
2677,Biscuits,"Britannia Treat Creme Wafers - Orange",45,11,6,40,60,FALSE,60
2678,Biscuits,"Bauli Moonfills Pack of 4",60,10,6,54,180,FALSE,190
2679,Biscuits,"Unibic Oatmeal Digestive Cookies ",50,6,6,47,150,FALSE,150
2680,Biscuits,"Orion Choco Pie - Chocolate Coated Soft Biscuit",150,25,2,112,336,FALSE,336
2681,Biscuits,"Britannia Good Day Cashew Cookies Pack Of 6",120,10,6,108,120,FALSE,120
2682,Biscuits,"Parle Fab Bourbon",30,0,3,30,150,FALSE,150
2683,Biscuits,"Open Secret White Choco Tiffin Pack",35,22,1,27,25,FALSE,25
2684,Biscuits,"The Bake Shop Whole Wheat Bread Sticks",60,6,1,56,100,FALSE,100
2685,Biscuits,"Unibic Assorted Cookies ",149,8,6,137,450,FALSE,450
2686,Biscuits,"The Bake Shop Milk & Raisin Toast (Rusk)",60,6,4,56,200,FALSE,200
2687,Biscuits,"Lotte Choco Pie Cocoa Pie",90,10,6,81,168,FALSE,168
2688,Biscuits,"Bauli Moonfils Veg - Strawberry",15,0,5,15,45,FALSE,47
2689,Biscuits,"The Bake Shop Masala Lavash",75,6,6,70,100,FALSE,200
2690,Biscuits,"Britannia Good Day Nut Cookies",30,0,6,30,120,FALSE,120
2691,Biscuits,"Sunfeast Mom's Magic Rich Butter Cookies",30,10,6,27,200,FALSE,200
2692,Biscuits,"The Bake Shop Whole Wheat Toast (Rusk) ",60,6,4,56,200,FALSE,200
2693,Biscuits,"Open Secret Peanut Butter Story Box",105,22,6,81,75,FALSE,75
2694,Biscuits,"Open Secret White Choco Story Box",105,22,6,81,75,FALSE,75
2695,Biscuits,"The Bake Shop Whole Wheat Multigrain Lavash",75,6,3,70,100,FALSE,200
2696,Biscuits,"McVitie's Oat Cookies",45,0,2,45,120,FALSE,120
2697,Biscuits,"Britannia Tiger Krunch Biscuits",120,0,4,120,400,FALSE,400
2698,Biscuits,"McVitie's Butter Cookies",30,10,6,27,200,FALSE,200
2699,Biscuits,"Bauli Moonfils Strawberry",15,0,5,15,45,FALSE,45
2700,Biscuits,"Britannia Good Day Butter Cookies",80,10,6,72,600,FALSE,600
2701,Biscuits,"Parle Hide & Seek Choco Rolls",60,0,1,60,120,FALSE,120
2702,Biscuits,"The Bake Shop Jeera Ajwain Bread Sticks",60,6,6,56,100,FALSE,100
2703,Biscuits,"Parle Fab!o Vanilla Creme Sandwich Biscuit",30,3,6,29,120,FALSE,120
2704,Biscuits,"Sunfeast Farmlite Nuts Digestive",70,11,6,62,250,FALSE,250
2705,Biscuits,"Britannia Pure Magic - Chocolush",35,2,6,34,100,FALSE,100
2706,Biscuits,"The Bake Shop Maska & Multigrain Cheese Crackers",130,10,3,116,100,FALSE,150
2707,Biscuits,"Britannia Nutri Choice Ragi Cookies",70,10,6,63,150,FALSE,150
2708,Biscuits,"Sunfeast Farmlite 5 Seed Digestive",60,0,2,60,250,FALSE,250
2709,Biscuits,"Dukes Nibbles - Ranch Crackers",50,0,6,50,150,FALSE,150
2710,Biscuits,"Danish Butter Cookies",350,0,1,350,400,FALSE,400
2711,Biscuits,"The Bake Shop Sesame Seed Crackers",130,10,4,116,100,FALSE,150
2712,Biscuits,"Good Day Butter Cookies",10,0,0,10,75,TRUE,75
2713,Biscuits,"Britannia Marie Gold Biscuits Packet",30,0,0,30,250,TRUE,250
2714,Biscuits,"Britannia Good Day Cashew Cookies",20,0,0,20,100,TRUE,100
2715,Biscuits,"Sunfeast Dark Fantasy Choco Fills",35,8,0,32,75,TRUE,75
2716,Biscuits,"Britannia Nutri Choice Digestive Biscuits Packet",25,0,0,25,100,TRUE,100
2717,Biscuits,"Britannia Classic Little Hearts ",25,0,0,25,75,TRUE,75
2718,Biscuits,"Britannia Good Day Cashew Cookies Packet",40,5,0,38,200,TRUE,200
2719,Biscuits,"Britannia Nice Time Biscuit",25,0,0,25,150,TRUE,150
2720,Biscuits,"Britannia Milk Bikis Cream Biscuit",45,0,0,45,200,TRUE,200
2721,Biscuits,"Britannia Bourbon Chocolate Cream Biscuits",35,2,0,34,150,TRUE,150
2722,Biscuits,"Dukes Waffy Chocolate Wafer Rolls ",150,50,0,75,250,TRUE,250
2723,Biscuits,"Britannia Milk Bikis Milky Sandwich",25,0,0,25,120,TRUE,120
2724,Biscuits,"Britannia Marie Gold Biscuit",28,0,0,28,200,TRUE,200
2725,Biscuits,"Britannia Marie Gold (Buy 4 Get 1 Free)",80,0,0,80,600,TRUE,600
2726,Biscuits,"Britannia 50-50 Maska Chaska Biscuit",10,0,0,10,46,TRUE,45
2727,Biscuits,"Unibic Choco Nut Cookies",25,8,0,23,75,TRUE,75
2728,Biscuits,"Britannia Vita Marie Gold Biscuit",45,0,0,45,300,TRUE,300
2729,Biscuits,"The Bake Shop Maska Khari",65,6,0,61,200,TRUE,100
2730,Biscuits,"Parle Fab! Jam-In Cream Filled ",35,2,0,34,150,TRUE,150
2731,Biscuits,"Sunfeast Nice Biscuit",25,12,0,22,150,TRUE,150
2732,Biscuits,"Britannia Nutrichoice 5 Grain Digestive Biscuits",75,0,0,75,200,TRUE,200
2733,Biscuits,"Cadbury Oreo Strawberry Bicuits",30,3,0,29,120,TRUE,120
2734,Biscuits,"Sunfeast Mom's Magic Cashew & Almond Biscuit",10,0,0,10,60,TRUE,60
2735,Biscuits,"Britannia Roll Yo! Strawberry Swiss Roll",10,0,0,10,28,TRUE,28
2736,Biscuits,"Bauli Moonfils Choco Cream (With Egg)",15,0,0,15,45,TRUE,45
2737,Biscuits,"Britannia Nutri Choice Oats Choco Almond Biscuit",25,10,0,23,100,TRUE,75
2738,Biscuits,"Britannia Nutri Choice Cracker Sugar Free Biscuit",35,0,0,35,300,TRUE,300
2739,Biscuits,"Cadbury Oreo Chocolatey Sandwich Biscuits Family Pack",80,0,0,80,300,TRUE,300
2740,Biscuits,"Bauli Moonfils Orange Puff Roll",15,0,0,15,45,TRUE,45
2741,Biscuits,"Britannia Treat Jimjam Cream Biscuits ",25,0,0,25,100,TRUE,100
2742,Biscuits,"Britannia Toastea Premium Bake Rusk",50,6,0,47,300,TRUE,300
2743,Biscuits,"The Bake Shop Jeera Khari",65,0,0,65,200,TRUE,200
2744,Biscuits,"Cadbury Oreo Creme Biscuit - Vanilla, Original 120 g",30,3,0,29,120,TRUE,120
2745,Biscuits,"Britannia Good Day Cashew Cookies",230,25,0,172,1000,TRUE,1
2746,Biscuits,"Bauli Moonfils - Vanilla",15,0,0,15,45,TRUE,45
2747,Biscuits,"Britannia Roll Yo! Choco Swiss Roll (With Egg)",10,0,0,10,28,TRUE,28
2748,Biscuits,"Britannia Milk Bikis Cream Biscuit",70,0,0,70,500,TRUE,500
2749,Biscuits,"Open Secret Choco Almond Story Box",105,22,0,81,75,TRUE,75
2750,Biscuits,"Parle Monaco Sixer Salted Biscuits ",60,10,0,54,200,TRUE,200
2751,Biscuits,"Sunfeast Dark Fantasy Bourbon Bliss",35,17,0,29,150,TRUE,150
2752,Biscuits,"Patanjali Atta Doodh Rusk",40,0,0,40,300,TRUE,300
2753,Biscuits,"Sunfeast Dark Fantasy Bourbon Bliss",35,0,0,35,150,TRUE,150
2754,"Personal Care","Clove Sensitive Toothpaste with Anti-Sensitivity & Fluoride Formulation",160,35,3,104,80,FALSE,80
2755,"Personal Care","Dettol Original Germ Protection Alcohol Based Hand Sanitizer",25,0,6,25,50,FALSE,50
2756,"Personal Care","Colgate Visible White Toothpaste",115,10,6,103,100,FALSE,100
2757,"Personal Care","Dettol SKincare Handwash Value Refill",109,3,6,105,750,FALSE,750
2758,"Personal Care","Savlon Herbal Sensitive Liquid Handwash Refill Pouch",115,4,6,110,750,FALSE,500
2759,"Personal Care","Colgate Total 12 Whole Mouth Protection Toothpaste",120,10,6,108,120,FALSE,120
2760,"Personal Care","Lux International Creamy White Soap Bar",35,2,6,34,75,FALSE,75
2761,"Personal Care","Colgate Herbal Toothpaste",114,18,2,93,200,FALSE,200
2762,"Personal Care","Nivea Men Deodorant Fresh Active 48h Long lasting Freshness",225,24,6,169,150,FALSE,150
2763,"Personal Care","Dabur Meswak Toothpaste",58,5,6,55,100,FALSE,100
2764,"Personal Care","Colgate Max Fresh Cooling Crystals Toothpaste",101,5,2,95,150,FALSE,150
2765,"Personal Care","Indulekha Bhringa Hair Oil",432,15,6,367,100,FALSE,100
2766,"Personal Care","Colgate Sensitive Soft Bristles Toothbrush",50,0,6,50,58,FALSE,1
2767,"Personal Care","Pears Pure & Gentle Glycerin Bath Soap",75,0,6,75,125,FALSE,125
2768,"Personal Care","Vaseline Skin Protecting Jelly",79,13,6,68,50,FALSE,50
2769,"Personal Care","Dettol Original Germ Protection Bathing Soap Bar",166,5,4,157,375,FALSE,375
2770,"Personal Care","Dettol Intense Cool Soap (B4G1)",260,5,6,247,625,FALSE,625
2771,"Personal Care","Livon Anti-Frizz Serum",250,10,3,225,100,FALSE,100
2772,"Personal Care","Lifebuoy Germ Protection Care Soap Bar",30,3,3,29,100,FALSE,125
2773,"Personal Care","Lux International Creamy White Soap Bar",70,10,6,63,125,FALSE,125
2774,"Personal Care","Godrej Nupur – 100% Pure Henna (Mehendi)",10,0,6,10,18,FALSE,18
2775,"Personal Care","Glow & Lovely Advanced Multivitamin Face Cream",213,10,6,190,110,FALSE,110
2776,"Personal Care","Set Wet Style Vertical Hold Hair Gel",50,10,4,45,50,FALSE,50
2777,"Personal Care","Godrej Expert Rich Crème, Natural Black",30,0,6,30,20,FALSE,20
2778,"Personal Care","Nycil Germ Expert Cool Herbal Talc",130,8,1,119,150,FALSE,200
2779,"Personal Care","Godrej Expert Creme Hair Natural Brown Colour ",30,0,6,30,20,FALSE,20
2780,"Personal Care","Veet Sensitive Skin Hair Removal Cream",135,5,6,128,50,FALSE,50
2781,"Personal Care","Closeup Everfresh+ Anti-Germ Gel Toothpaste Red Hot",50,2,1,49,80,FALSE,80
2782,"Personal Care","Pears Pure And Gentle Value Pack Of 3 Bathing Soap",199,6,5,186,375,FALSE,375
2783,"Personal Care","Gillette Presto Ready Shaver 5 Cartridges ",88,6,6,82,290,FALSE,5
2784,"Personal Care","Closeup Everfresh+ Anti-Germ Gel Toothpaste Red Hot",160,10,4,144,300,FALSE,300
2785,"Personal Care","Godrej Expert Rich Crème, Dark Brown",30,0,4,30,20,FALSE,20
2786,"Personal Care","Nivea Soft Light Moisturizer for Face Hand & Body Non-Sticky Cream with Vitamin E & Jojoba Oil ",185,15,3,157,100,FALSE,100
2787,"Personal Care","Fiama Gel Bar Celebration Pack Buy 4 Get 1 Free",290,10,6,261,625,FALSE,625
2788,"Personal Care","Gillette Sensitive Shaving Foam",225,6,4,210,418,FALSE,418
2789,"Personal Care","Dove Hair Fall Rescue Shampoo",150,6,5,141,180,FALSE,180
2790,"Personal Care","Gillette Mach 3 Mens Razor Blades",499,7,4,460,232,FALSE,4
2791,"Personal Care","Palmolive Aroma Absolute Relax Shower Gel",199,20,2,159,250,FALSE,250
2792,"Personal Care","Godrej Protekt Germ Fighter Handwash",99,0,6,99,750,FALSE,750
2793,"Personal Care","Dettol Hand Sanitizer",100,5,6,95,200,FALSE,200
2794,"Personal Care","Dabur Amla Hair Oil",88,0,2,88,180,FALSE,180
2795,"Personal Care","Dettol Original Liquid Handwash",89,4,6,85,200,FALSE,200
2796,"Personal Care","L'Oreal Paris Total Repair 5 Conditioner",199,0,6,199,192,FALSE,180
2797,"Personal Care","Patanjali Saundarya Aloe Vera Gel",90,0,5,90,150,FALSE,150
2798,"Personal Care","Head & Shoulders 2 In 1 Anti Dandruff Shampoo Conditioner ",195,10,4,174,180,FALSE,180
2799,"Personal Care","Clean & Clear Pimple Clearing Face Wash",130,10,2,117,80,FALSE,80
2800,"Personal Care","Himalaya Anti Dandruff Shampoo",140,8,2,128,200,FALSE,200
2801,"Personal Care","Stayfree Secure Dry Cover Regular Sanitary Pad With Wings",30,3,6,29,406,FALSE,7
2802,"Personal Care","Savlon Moisture Shield Hand Wash",99,4,6,95,750,FALSE,750
2803,"Personal Care","Dove Intense Repair Conditioner",190,14,6,162,175,FALSE,80
2804,"Personal Care","Dabur Gulabari Rose Glow Face Cleanse",75,5,4,71,100,FALSE,100
2805,"Personal Care","Parachute Jasmine Hair Oil",82,9,6,74,190,FALSE,190
2806,"Personal Care","Johnson's Baby Skincare Wipes",79,6,6,74,1160,FALSE,20
2807,"Personal Care","Dettol Skincare Liquid Hand Wash",79,0,6,79,200,FALSE,200
2808,"Personal Care","Old Spice Original Lather Shaving Cream",75,9,6,68,70,FALSE,70
2809,"Personal Care","Veet Hair Removal Cream Dry Skin",135,5,5,128,50,FALSE,50
2810,"Personal Care","L'Oreal Paris Total Repair 5 Shampoo",265,0,2,265,396,FALSE,360
2811,"Personal Care","Fiama Menthol & Magnolia Cooling Gel Bar Soap",160,11,6,141,375,FALSE,375
2812,"Personal Care","Nivea Lip Balm Original Care for 24h Moisture with Shea Butter & Natural Oils",140,15,6,119,5,FALSE,4
2813,"Personal Care","Oral-B Charcoal Deep Clean Stain Removal Toothbrush Soft",99,0,3,99,232,FALSE,4
2814,"Personal Care","Neutrogena Ultra Sheer Dry Touch SPF 50+ Sunblock Sunscreen Lotion",250,10,3,225,30,FALSE,30
2815,"Personal Care","Clinic Plus Strong & Long Health Shampoo",499,10,3,449,650,FALSE,650
2816,"Personal Care","Johnson's Baby No More Tears Baby Shampoo",98,0,5,98,100,FALSE,100
2817,"Personal Care","Colgate Zig Zag Toothbrush",120,0,3,120,348,FALSE,6
2818,"Personal Care","Savlon Moisture Shield Germ Protection Handwash Refill (Buy 1 Get 1 Free)",189,0,6,189,1500,FALSE,1500
2819,"Personal Care","Colgate Sensitive Everyday Protection Anticavity Toothpaste",75,0,6,75,40,FALSE,40
2820,"Personal Care","Whisper Ultra Soft XL+ Sanitary Pads",330,2,6,323,30,FALSE,30
2821,"Personal Care","Garnier Colour Naturals Hair Colour - 1 Natural Black",80,0,1,80,60,FALSE,60
2822,"Personal Care","Axe Pulse Men's Deodorant",210,0,6,210,150,FALSE,150
2823,"Personal Care","Colgate Zigzag Charcoal Soft Bristle Toothbrush - 4 Pcs",99,0,6,99,232,FALSE,4
2824,"Personal Care","Whisper Ultra Clean Wings XL+  Pouch",449,7,6,415,44,FALSE,44
2825,"Personal Care","Whisper Choice Regular Sanitary Pads",90,0,6,90,1160,FALSE,20
2826,"Personal Care","Axe Dark Temptation Men's Deodorant",210,7,5,194,150,FALSE,150
2827,"Personal Care","Head & Shoulders Anti-Dandruff Smooth & Silky Shampoo",150,0,4,150,180,FALSE,180
2828,"Personal Care","Clinic Plus Strength & Shine Shampoo With Egg Protein ",105,0,2,105,175,FALSE,175
2829,"Personal Care","Engage M1 Perfume Spray for Men ",210,7,6,194,120,FALSE,120
2830,"Personal Care","Tresemme Keratin Smooth Conditioner",380,0,3,380,340,FALSE,340
2831,"Personal Care","Garnier Color Naturals Crème Hair Color, Shade 5 Light Brown",180,0,1,180,100,FALSE,100
2832,"Personal Care","Origami Aloe Vera Wipes",75,13,4,65,25,FALSE,25
2833,"Personal Care","Engage Drizzle Deodorant For Women, Floral And Lavender, Skin Friendly",195,10,6,174,150,FALSE,150
2834,"Personal Care","Gellette Presto Ready Shaver",20,0,1,20,58,FALSE,1
2835,"Personal Care","Colgate Max Fresh Plax Mouthwash - Fresh Mint",150,20,5,120,250,FALSE,250
2836,"Personal Care","Colgate Zig Zag Charcoal Medium Toothbrush 4 Pcs",99,0,6,99,232,FALSE,4
2837,"Personal Care","Godrej Protekt",99,0,3,99,750,FALSE,750
2838,"Personal Care","Colgate Total Charcoal Anticavity Toothpaste",110,10,3,99,120,FALSE,120
2839,"Personal Care","Colgate Kids 0-2 Extra Soft Tooth Brush",30,16,6,25,58,FALSE,1
2840,"Personal Care","Gillete Mach3 ",260,10,6,234,116,FALSE,2
2841,"Personal Care","Maybelline New York Colossal Kajal Black",149,0,2,149,0,FALSE,0
2842,"Personal Care","Godrej Cinthol Lime Talc",55,0,3,55,100,FALSE,100
2843,"Personal Care","Hamam Soap Bar Neem Tulsi and Aloe Vera",58,0,6,58,150,FALSE,150
2844,"Personal Care","Godrej Expert Rich Crème, Burgundy",33,0,6,33,20,FALSE,20
2845,"Personal Care","Colgate Gentle Sensitive+ Toothbrush Pack Of 4",120,10,4,108,232,FALSE,4
2846,"Personal Care","Nivea Creme All Season Multi-Purpose Cream ",175,10,4,157,100,FALSE,100
2847,"Personal Care","Oral-B Charcoal Deep Clean Stain Removal Toothbrush Medium",99,0,1,99,232,FALSE,4
2848,"Personal Care","Mamaearth 100% Natural Berry Blast Kids Toothpaste",149,10,4,134,50,FALSE,50
2849,"Personal Care","HImalaya Gentle Baby Wipes",200,10,3,180,72,FALSE,72
2850,"Personal Care","Stayfree Dry Max All Night XL Dry Cover Sanitary Pads",340,12,6,298,28,FALSE,28
2851,"Personal Care","L'Oreal Paris Excellence Creme Hair Color, 1 Black",620,0,1,620,172,FALSE,172
2852,"Personal Care","Fem Fairness Naturals Saffron Skin Bleach",85,15,4,72,64,FALSE,64
2853,"Personal Care","Engage Woman Blush Body Deo Spray",195,10,5,174,150,FALSE,150
2854,"Personal Care","Dove Pink Rosa Beauty Bathinhg Bar",60,0,6,60,100,FALSE,100
2855,"Personal Care","Sebamed Cleansing Bar",99,10,4,89,100,FALSE,100
2856,"Personal Care","Pampers Premium Care Pants - Large",1099,18,2,899,44,FALSE,44
2857,"Personal Care","Nivea Women Deodorant Fresh Natural Long Lasting Freshness & 48h Protection",199,20,2,159,150,FALSE,150
2858,"Personal Care","L'Oreal Paris Excellence Creme Hair Color, 3 Dark Brown/Natural Darkest Brown",620,0,6,620,172,FALSE,172
2859,"Personal Care","Patanjali Kesh Kanti Natural Hair Cleanser",75,9,4,68,200,FALSE,200
2860,"Personal Care","Godrej No.1 Bathing Soap – Lime & Aloe Vera",149,0,6,149,600,FALSE,600
2861,"Personal Care","Pantene Advanced Control Hair Fall Solution Shampoo",120,6,5,112,180,FALSE,180
2862,"Personal Care","Veet Full Body Waxing Kit For Dry Skin",235,7,6,218,1160,FALSE,20
2863,"Personal Care","Johnson's Baby Skincare Wipes",245,9,6,221,72,FALSE,72
2864,"Personal Care","Gillette Lemon Lime Shaving Foam",199,11,4,177,196,FALSE,196
2865,"Personal Care","Old Spice After Shave Lotion Musk",215,6,3,200,100,FALSE,100
2866,"Personal Care","Whisper Ultra Soft Air Fresh Sanitary Pads (XL) with Wings",315,0,4,315,30,FALSE,30
2867,"Personal Care","Himalaya Baby Powder",80,8,4,73,100,FALSE,100
2868,"Personal Care","Fiama Men's Refreshing Pulse Shower Gel",225,20,4,180,250,FALSE,250
2869,"Personal Care","Whisper Ultra Clean XL Plus Sanitary Pad",175,0,5,175,870,FALSE,15
2870,"Personal Care","Johnson's Baby Powder",143,0,6,143,200,FALSE,200
2871,"Personal Care","Dove Cream Beauty Bathing Bar",235,9,6,212,125,FALSE,125
2872,"Personal Care","Patanjali Kesh Kanti Shikakai Hair Cleanser",95,0,4,95,200,FALSE,200
2873,"Personal Care","L'Oreal Paris Color Protect Conditioner",199,0,3,199,192,FALSE,192
2874,"Personal Care","Nivea Men Active Clean with Active Charcoal Shower Gel for Body Face & Hair",199,4,5,191,250,FALSE,250
2875,"Personal Care","L'Oreal 6 Oil Nourish Conditioner",135,0,1,135,192,FALSE,192
2876,"Personal Care","Godrej Easy Natural Black Hair Colour",25,0,5,25,20,FALSE,20
2877,"Personal Care","Dabur Gulabari Rose Water Daily Glow",80,6,2,75,250,FALSE,250
2878,"Personal Care","Himalaya Purifying Neem Face Wash",170,10,6,153,150,FALSE,150
2879,"Personal Care","Fem Fairness Naturals Gold Skin Bleach",65,9,3,59,24,FALSE,24
2880,"Personal Care","Whisper Choice Ultra XL Sanitary Pad",133,2,5,130,1160,FALSE,20
2881,"Personal Care","Dove Dandruff Care Shampoo",158,6,5,147,180,FALSE,180
2882,"Personal Care","Head & Shoulders Anti Dandruff Anti Hairfall Shampoo",285,0,5,285,340,FALSE,240
2883,"Personal Care","L'Oreal Casting Creme Ebony Black Hair Color",550,0,6,550,159,FALSE,87
2884,"Personal Care","Mamaearth Onion Hair Oil",399,10,6,359,150,FALSE,150
2885,"Personal Care","L'Oreal Paris Casting Creme Gloss Hair Color (Dark Brown 400)",550,0,4,550,159,FALSE,159
2886,"Personal Care","Palmolive Naturals Sea Minerals Liquid Hand Wash",99,10,6,89,250,FALSE,250
2887,"Personal Care","Oral-B Extra Soft Bristles Sensitive ",98,0,4,98,232,FALSE,4
2888,"Personal Care","Engage M3 Perfume Spray for Men",200,10,3,180,120,FALSE,120
2889,"Personal Care","Mamaearth Deeply Nourishing wash for Babies",199,0,4,199,200,FALSE,200
2890,"Personal Care","Dettol Original Soap (B4G1)",260,5,6,247,625,FALSE,625
2891,"Personal Care","Woodward's Gripe Water",75,0,6,75,200,FALSE,200
2892,"Personal Care","MamyPoko Pants Extra Absorb Diapers, New Born",299,6,5,279,28,FALSE,28
2893,"Personal Care","Johnson's Baby Soap",70,0,6,70,100,FALSE,100
2894,"Personal Care","Engage M4 Perfume Spray For Men",200,10,6,180,120,FALSE,120
2895,"Personal Care","Fem Fairness Naturals Hair Removal Cream Fair & Soft - Gold",65,10,4,58,40,FALSE,40
2896,"Personal Care","Dove Hair Fall Rescue Conditioner",190,0,4,190,175,FALSE,175
2897,"Personal Care","Himalaya Anti Hair Fall Shampoo",130,12,2,114,200,FALSE,200
2898,"Personal Care","Fiama Peach & Avocado Gel Bar",176,10,3,158,375,FALSE,375
2899,"Personal Care","Pears Pure & Gentle Value Pack Of 4 Bathing Soap ",125,0,6,125,75,FALSE,75
2900,"Personal Care","Fiama Fresh Hand Wash",150,6,3,140,400,FALSE,400
2901,"Personal Care","Palmolive Black Orchid And Milk Liquid Hand Wash",99,10,6,89,250,FALSE,250
2902,"Personal Care","Oral-B Criss Cross Medium Toothbrush (Buy 2 Get 2 Free)",160,0,5,160,232,FALSE,4
2903,"Personal Care","Gillette Mach 3 Turbo Razor",349,6,5,325,58,FALSE,1
2904,"Personal Care","Himalaya Baby Lotion",165,12,3,145,200,FALSE,200
2905,"Personal Care","Head & Shoulders 2-in-1 Cool Menthol Anti Dandruff Shampoo + Conditioner",375,0,1,375,340,FALSE,180
2906,"Personal Care","Sunsilk Lusciously Thick & Long Shampoo",249,6,6,234,340,FALSE,340
2907,"Personal Care","Fiama Di Wills Men's Refreshing Pulse Shower Gel",225,4,3,214,250,FALSE,250
2908,"Personal Care","Sebamed Anti - Dandruff Shampoo",600,10,2,540,200,FALSE,200
2909,"Personal Care","Listerine Cool Mint Mouthwash - Mild Taste",150,10,6,135,250,FALSE,250
2910,"Personal Care","L'Oreal Paris Excellence Creme Hair Color, 4.25 Aishwarya's Brown",620,0,6,620,172,FALSE,172
2911,"Personal Care","Himalaya Gentle Baby Bath",165,9,6,150,200,FALSE,200
2912,"Personal Care","L'Oreal Paris Casting Creme Gloss Hair Color, Medium Brown 500",550,0,4,550,160,FALSE,159
2913,"Personal Care","L'Oreal Paris Color Protect Shampoo",282,0,3,282,360,FALSE,360
2914,"Personal Care","Fiama Di Wills Lemongrass & Jojoba Gel Bar",176,10,6,158,375,FALSE,375
2915,"Personal Care","Colgate Plax Peppermint Mouthwash",150,20,5,120,250,FALSE,250
2916,"Personal Care","Dove Daily Shine Conditioner",90,10,1,81,80,FALSE,80
2917,"Personal Care","Patanjali Kesh Kanti Anti Dandruff Hair Cleanser",110,0,6,110,200,FALSE,200
2918,"Personal Care","Old Spice Original After Shave Lotion",250,0,1,250,150,FALSE,150
2919,"Personal Care","Dove Hair Fall Rescue Shampoo",137,10,4,123,180,FALSE,180
2920,"Personal Care","Dettol Clinical Strength Hand Sanitizer Liquid",250,10,6,225,500,FALSE,500
2921,"Personal Care","Nivea Soft Light Moisturizer for Face Hand & Body Non-Sticky Cream with Vitamin E & Jojoba Oil",399,20,3,319,300,FALSE,300
2922,"Personal Care","Comfy Baby Pants XL 12-17 kg",429,15,1,364,24,FALSE,24
2923,"Personal Care","Dettol Liquid Handwash With Free Liquid",99,0,6,99,200,FALSE,200
2924,"Personal Care","Nivea Body Milk Lotion for Very Dry Skin",399,20,6,319,400,FALSE,400
2925,"Personal Care","Lakme Sun Expert",225,0,6,225,60,FALSE,60
2926,"Personal Care","Head & shoulders Anti Dandruff Shampoo Cool Menthol",170,0,6,170,180,FALSE,180
2927,"Personal Care","Godrej Nupur Henna",75,0,5,75,150,FALSE,120
2928,"Personal Care","Johnson's Baby Lotion",100,0,4,100,100,FALSE,100
2929,"Personal Care","Himalaya Anti Dandruff Shampoo",140,10,1,126,200,FALSE,200
2930,"Personal Care","Maybelline New York Colossal Kajal Super Black",300,8,3,275,0,FALSE,0
2931,"Personal Care","Stayfree Dry-Max All Night Ultra-Dry Sanitary Pad",90,10,6,81,406,FALSE,7
2932,"Personal Care","Dove Daily Shine Shampoo",645,5,3,612,650,FALSE,650
2933,"Personal Care","Godrej Easy 5 Minute Natural Brown 4 Hair Colour",29,0,5,29,20,FALSE,20
2934,"Personal Care","Colgate Sensitive Plus Enamel Toothpaste Tube",140,0,6,140,160,FALSE,160
2935,"Personal Care","Colgate Max Fresh Peppermint Toothpaste ",182,15,6,154,300,FALSE,300
2936,"Personal Care","Pond's Light Moisturiser",309,10,6,278,250,FALSE,250
2937,"Personal Care","Engage Mate For Man Deo Spray",195,10,5,174,150,FALSE,150
2938,"Personal Care","Pantene Advanced Hair Fall Solution Shampoo - Total Damage Care",120,0,5,120,180,FALSE,180
2939,"Personal Care","Whisper Choice Regular Wing Sanitary Pad",30,0,2,30,406,FALSE,7
2940,"Personal Care","Colgate Slim Soft Charcoal Toothbrush",150,18,4,123,232,FALSE,4
2941,"Personal Care","Fiama Scents Juniper & Geranium Body Wash",199,6,5,186,250,FALSE,250
2942,"Personal Care","Mamaearth Ubtan Body Lotion",399,15,4,339,400,FALSE,400
2943,"Personal Care","Godrej Aer Power Pocket - Long Lasting Bathroom Fragrance Floral Delight",55,0,6,55,10,FALSE,10
2944,"Personal Care","Himalaya Anti-Hair Fall Shampoo",230,18,1,188,400,FALSE,400
2945,"Personal Care","Nivea Soft Light Moisturizer for Face Hand & Body Non-Sticky Cream with Vitamin E & Jojoba Oil",310,15,6,263,200,FALSE,200
2946,"Personal Care","Engage M2 Perfume Spray For Men",200,10,6,180,120,FALSE,120
2947,"Personal Care","Listerine Cool Mint Mouthwash - Mild Taste",150,10,6,135,250,FALSE,250
2948,"Personal Care","Mamaearth Ubtan Face Scrub Turmeric & Walnut",349,10,1,314,100,FALSE,100
2949,"Personal Care","Himalaya Purifying Neem Face Wash Tube",270,15,6,229,300,FALSE,300
2950,"Personal Care","Johnson's Baby Top To Toe Bath Body Wash",165,0,4,165,210,FALSE,210
2951,"Personal Care","Gillette Mach 3 Start",249,0,6,249,116,FALSE,2
2952,"Personal Care","Scalpe Pro Anti dandruff Shampoo 100ml",185,0,2,185,100,FALSE,100
2953,"Personal Care","Johnson's Baby Cream",150,0,6,150,100,FALSE,100
2954,"Personal Care","Johnson's Baby Soap",105,0,6,105,150,FALSE,150
2955,"Personal Care","Himalaya Gentle Baby Shampoo",320,17,6,265,400,FALSE,400
2956,"Personal Care","L'Oreal Paris Shine Masque Royal Jelly Hair Colour",550,0,3,550,88,FALSE,87
2957,"Personal Care","Engage Rush Deodorant For Men",190,11,6,169,150,FALSE,150
2958,"Personal Care","Clean & Clear Foaming Face Wash",140,10,4,126,100,FALSE,100
2959,"Personal Care","Dettol Lather Shaving Cream",75,5,6,71,78,FALSE,78
2960,"Personal Care","Gillette Classic Regular Pre Shave Foam",199,0,4,199,196,FALSE,196
2961,"Personal Care","Dove Daily Shine Conditioner",190,0,6,190,175,FALSE,180
2962,"Personal Care","Johnson's Baby Shampoo",180,0,6,180,200,FALSE,200
2963,"Personal Care","Park Avenue Beer Shampoo ",155,9,4,140,180,FALSE,180
2964,"Personal Care","Pantene Advanced Hair Fall Solution Silky Smooth Care Shampoo",120,6,6,112,180,FALSE,180
2965,"Personal Care","Fem Fairness Naturals Hair Removal Cream Fair & Soft - Rose",65,10,6,58,40,FALSE,40
2966,"Personal Care","Sunsilk Stunning Black Shine Shampoo",555,6,6,521,650,FALSE,650
2967,"Personal Care","Dabur Meswak Toothpaste",100,0,1,100,200,FALSE,200
2968,"Personal Care","Patanjali Kesh Kanti Reetha Hair Cleanser",85,0,5,85,200,FALSE,200
2969,"Personal Care","Nivea Lip Balm Soft Rose for 24h Moisture with Natural Oils Delicate Rose Shine",185,8,6,169,5,FALSE,4
2970,"Personal Care","Santoor Total Skin Care Soap With Sandal & Turmeric",180,0,6,180,600,FALSE,600
2971,"Personal Care","L'Oreal Paris Excellence Creme Hair Color, 4 Natural Brown/Natural Dark Brown",620,0,1,620,172,FALSE,172
2972,"Personal Care","Gillette Pre Shave Foam - Classic Regular Skin",225,0,6,225,418,FALSE,418
2973,"Personal Care","Fiama Di Wills Shower Gel Patchouli & Macadamia",199,10,6,179,250,FALSE,250
2974,"Personal Care","Listerine Fresh Burst Mouthwash",140,10,4,126,250,FALSE,250
2975,"Personal Care","Nivea Cocoa Nourish Body Lotion With Coconut Oil & Cocoa Butter For Very Dry Skin ",299,17,5,247,200,FALSE,200
2976,"Personal Care","Pantene Hair Fall Control Shampoo",240,7,2,221,340,FALSE,340
2977,"Personal Care","Fogg Master - Royal Intense",250,0,5,250,120,FALSE,120
2978,"Personal Care","TRESemme Smooth And Shine Conditioner",220,0,5,220,190,FALSE,190
2979,"Personal Care","Whisper Ultra Clean XL Plus Sanitary Pad",155,0,6,155,870,FALSE,15
2980,"Personal Care","Colgate Kids Toothpaste - 6+ Years, Strawberry Flavour",93,5,6,88,80,FALSE,80
2981,"Personal Care","Nivea Soft Moisturizing Cream",310,12,1,272,200,FALSE,200
2982,"Personal Care","Patanjali Kesh Kanti Aloe Vera Hair Cleanser",85,0,5,85,200,FALSE,200
2983,"Personal Care","Neutrogena Deep Clean Foaming Cleanser",130,11,2,115,50,FALSE,50
2984,"Personal Care","Clean & Clear Morning Energy Berry Face Wash",155,6,6,145,100,FALSE,100
2985,"Personal Care","Pampers Premium Care New Baby Pants",320,0,4,320,24,FALSE,24
2986,"Personal Care","Vaseline Intensive Care Aloe Fresh",225,9,6,203,200,FALSE,200
2987,"Personal Care","L'Oreal Paris Dream Lengths Shampoo",149,0,6,149,192,FALSE,192
2988,"Personal Care","Johnson's Baby Oil",115,0,4,115,100,FALSE,100
2989,"Personal Care","Engage Man Rush Deodorant",195,9,6,176,150,FALSE,150
2990,"Personal Care","Pantene Advanced Hair Fall Solution Shampoo - Total Damage Care",264,0,6,264,340,FALSE,340
2991,"Personal Care","Whisper Daily Liners Clean and Fresh",105,0,4,105,1160,FALSE,20
2992,"Personal Care","Himalaya Men Pimple Clear Neem Face Wash",180,9,2,163,100,FALSE,100
2993,"Personal Care","Pantene Adv Hairfall Solution Conditioner Silky Smooth",190,0,5,190,200,FALSE,200
2994,"Personal Care","Himalaya Prickly Heat Baby Powder",90,10,6,81,100,FALSE,100
2995,"Personal Care","Mamaearth Daily Moisturizing Lotion For Babies",199,0,6,199,200,FALSE,200
2996,"Personal Care","Stayfree Advanced XL Ultra Comfort Sanitary napkins with Wings",175,0,3,175,812,FALSE,14
2997,"Personal Care","Pampers Premium Care Pants - Medium",1099,18,6,899,54,FALSE,54
2998,"Personal Care","Fiama Men's Refreshing Pulse Shower Gel",199,10,6,179,250,FALSE,250
2999,"Personal Care","Vaseline Original Skin Protecting Jelly",125,10,6,112,100,FALSE,100
3000,"Personal Care","Clean & Clear Foaming Face Wash",180,10,6,162,150,FALSE,150
3001,"Personal Care","Fiama Lemongrass and Jojoba Shower Gel",225,20,6,180,250,FALSE,250
3002,"Personal Care","Oral-B Charcoal Cross Cross Extra Soft Toothbrush (Buy 2 Get 1 Free)",180,0,1,180,174,FALSE,3
3003,"Personal Care","Listerine Fresh Burst Mouthwash",285,7,6,263,500,FALSE,500
3004,"Personal Care","Veet Full Body Waxing Kit",235,7,6,218,1160,FALSE,20
